Customer_ID,Age,Gender,City,Subscription_Type,Monthly_Spending,Tenure,Number_of_Purchases,Customer_Support_Requests,Login_Frequency,Last_Activity_Date,Satisfaction_Score,Payment_Delay,Contract_Length,Total_Spending,Days_Since_Last_Activity,Churn_Status
CUST0001,56.0,Male,Lahore,Premium,3860.0,52,15,10,Medium,2026-04-07,5.0,20,Monthly,200720,83,Yes
CUST0002,40.0,Male,Islamabad,Premium,4482.0,11,24,2,Low,2026-04-02,5.0,1,Yearly,49302,88,No
CUST0003,61.0,Male,Peshawar,Basic,1305.0,30,2,4,Low,2026-05-02,1.0,11,Monthly,39150,58,Yes
CUST0004,39.0,Male,Rawalpindi,Premium,5904.0,44,49,10,High,2026-05-18,3.0,30,Monthly,259776,42,No
CUST0005,45.0,Male,Peshawar,Basic,1475.0,60,15,2,Medium,2026-04-26,4.0,22,Yearly,88500,64,No
CUST0006,20.0,Female,Lahore,Basic,1318.0,37,7,4,High,2026-06-11,1.0,6,Quarterly,48766,18,No
CUST0007,21.0,Female,Faisalabad,Basic,815.0,25,14,1,Low,2026-03-31,2.0,8,Quarterly,20375,90,Yes
CUST0008,19.0,Male,Karachi,Standard,1591.0,20,60,6,Low,2026-06-21,4.0,28,Quarterly,31820,8,Yes
CUST0009,64.0,Female,Faisalabad,Basic,705.0,35,36,1,High,2026-06-23,4.0,1,Quarterly,24675,6,No
CUST0010,59.0,Male,Peshawar,Basic,1321.0,4,63,1,High,2026-05-26,2.0,11,Quarterly,5284,34,No
CUST0011,27.0,Female,Rawalpindi,Premium,5317.0,36,48,7,Low,2026-04-28,4.0,24,Monthly,191412,62,Yes
CUST0012,57.0,Male,Faisalabad,Basic,1219.0,21,53,7,Low,2026-04-30,2.0,24,Monthly,25599,60,Yes
CUST0013,62.0,Female,Faisalabad,Standard,2680.0,41,15,0,High,2026-06-20,1.0,6,Quarterly,109880,9,No
CUST0014,41.0,Male,Multan,Standard,2147.0,1,63,10,Low,2026-06-21,3.0,16,Yearly,2147,8,Yes
CUST0015,52.0,Female,Karachi,Premium,,35,5,9,High,2026-06-01,2.0,8,Monthly,186760,28,Yes
CUST0016,24.0,Male,Islamabad,Standard,2279.0,9,34,0,Medium,2026-05-16,5.0,2,Quarterly,20511,44,No
CUST0017,57.0,Male,Multan,Basic,1486.0,22,35,0,Low,2026-05-13,3.0,4,Monthly,32692,47,No
CUST0018,31.0,Female,Peshawar,Standard,2528.0,3,14,6,Low,2026-04-11,3.0,8,Monthly,7584,79,Yes
CUST0019,32.0,Female,Rawalpindi,Premium,5939.0,26,77,2,Medium,2026-06-25,1.0,19,Quarterly,154414,4,Yes
CUST0020,47.0,Female,Islamabad,Standard,2930.0,37,15,10,Low,2026-06-16,5.0,3,Monthly,108410,13,No
CUST0021,49.0,Female,Peshawar,Premium,4722.0,7,28,1,Medium,2026-04-28,2.0,12,Quarterly,33054,62,Yes
CUST0022,23.0,Male,Islamabad,Premium,4051.0,28,44,3,Medium,2026-04-01,3.0,25,Monthly,113428,89,Yes
CUST0023,56.0,Male,Karachi,Basic,884.0,33,27,8,High,2026-06-26,4.0,12,Monthly,29172,3,No
CUST0024,56.0,Female,Karachi,Standard,2979.0,6,27,8,Medium,2026-05-09,5.0,0,Yearly,17874,51,Yes
CUST0025,59.0,Female,Faisalabad,Premium,3663.0,44,79,10,Low,2026-04-28,1.0,19,Yearly,161172,62,Yes
CUST0026,29.0,Male,Faisalabad,Premium,4636.0,39,56,0,Medium,2026-06-27,3.0,16,Monthly,180804,2,No
CUST0027,19.0,Female,Peshawar,Basic,1065.0,28,1,2,Medium,2026-05-16,2.0,20,Monthly,29820,44,Yes
CUST0028,43.0,Female,Islamabad,Premium,4733.0,32,32,6,Low,2026-04-15,4.0,22,Yearly,151456,75,Yes
CUST0029,34.0,Female,Rawalpindi,Basic,779.0,38,69,3,Medium,2026-04-04,2.0,5,Monthly,29602,86,Yes
CUST0030,28.0,Male,Multan,Standard,1643.0,48,73,10,Low,2026-06-09,5.0,2,Monthly,78864,20,No
CUST0031,53.0,Female,Faisalabad,Basic,845.0,19,67,2,Low,2026-05-08,4.0,6,Monthly,16055,52,No
CUST0032,58.0,Male,Karachi,Premium,4959.0,33,39,1,Medium,2026-05-03,1.0,10,Monthly,163647,57,Yes
CUST0033,42.0,Male,Islamabad,Premium,5198.0,50,31,9,Medium,2026-06-13,3.0,6,Yearly,259900,16,No
CUST0034,43.0,Male,Faisalabad,Premium,4016.0,48,60,0,High,2026-05-12,2.0,0,Quarterly,192768,48,No
CUST0035,29.0,Male,Rawalpindi,Premium,4183.0,5,9,8,Medium,2026-05-12,3.0,18,Quarterly,20915,48,Yes
CUST0036,33.0,Female,Quetta,Premium,3403.0,3,24,5,Medium,2026-04-15,1.0,23,Monthly,10209,75,Yes
CUST0037,25.0,Male,Rawalpindi,Basic,921.0,36,25,1,Medium,2026-05-06,2.0,1,Monthly,33156,54,Yes
CUST0038,52.0,Male,Rawalpindi,Basic,1456.0,16,41,3,Low,2026-05-27,1.0,3,Yearly,23296,33,No
CUST0039,31.0,Male,Rawalpindi,Basic,1315.0,21,20,7,Low,2026-05-27,3.0,16,Quarterly,27615,33,Yes
CUST0040,65.0,Male,Rawalpindi,Standard,2454.0,12,22,5,High,2026-05-06,5.0,18,Quarterly,29448,54,No
CUST0041,25.0,Male,Islamabad,Premium,5074.0,27,21,0,High,2026-04-26,4.0,14,Yearly,136998,64,No
CUST0042,50.0,Female,Rawalpindi,Standard,2519.0,5,61,2,Medium,2026-04-26,4.0,2,Monthly,12595,64,Yes
CUST0043,34.0,Male,Karachi,Premium,4243.0,44,30,4,Medium,2026-05-23,3.0,27,Quarterly,186692,37,No
CUST0044,41.0,Female,Peshawar,Standard,1996.0,29,46,4,High,2026-04-27,3.0,27,Monthly,57884,63,No
CUST0045,38.0,Male,Lahore,Standard,2684.0,32,67,1,High,2026-05-06,,9,Quarterly,85888,54,No
CUST0046,20.0,Male,Rawalpindi,Basic,1185.0,40,24,1,Low,2026-06-02,2.0,30,Yearly,47400,27,Yes
CUST0047,59.0,Female,Islamabad,Standard,2284.0,2,33,8,Low,2026-05-12,3.0,21,Quarterly,4568,48,Yes
CUST0048,56.0,Female,Rawalpindi,Basic,1181.0,29,26,2,Medium,2026-06-05,2.0,24,Yearly,34249,24,No
CUST0049,30.0,Male,Lahore,Premium,4529.0,60,7,8,High,2026-06-09,4.0,12,Monthly,271740,20,No
CUST0050,18.0,Male,Rawalpindi,Basic,1011.0,8,16,2,Medium,2026-04-24,4.0,1,Quarterly,8088,66,No
CUST0051,49.0,Female,Rawalpindi,Standard,2353.0,23,51,8,Low,2026-04-28,2.0,30,Monthly,54119,62,Yes
CUST0052,39.0,Female,Lahore,Standard,2069.0,58,49,3,Medium,2026-06-14,2.0,5,Quarterly,120002,15,No
CUST0053,60.0,Female,Peshawar,Premium,5660.0,60,8,4,High,2026-06-24,4.0,11,Yearly,339600,5,No
CUST0054,56.0,Female,Islamabad,Basic,1273.0,4,47,2,Medium,2026-06-16,4.0,15,Monthly,5092,13,No
CUST0055,59.0,Male,Lahore,Premium,4682.0,30,17,7,Medium,2026-05-02,3.0,27,Monthly,140460,58,Yes
CUST0056,43.0,Male,Quetta,Premium,3116.0,37,62,6,High,2026-06-28,1.0,11,Monthly,115292,1,Yes
CUST0057,18.0,Male,Karachi,Basic,1301.0,47,48,8,Low,2026-06-28,5.0,20,Yearly,61147,1,No
CUST0058,33.0,Male,Rawalpindi,Standard,2203.0,39,63,4,Low,2026-04-23,5.0,22,Yearly,85917,67,No
CUST0059,29.0,Male,Lahore,Premium,4679.0,26,51,4,Low,2026-04-12,1.0,28,Quarterly,121654,78,Yes
CUST0060,45.0,Female,Faisalabad,Basic,546.0,5,62,3,High,2026-06-13,5.0,11,Yearly,2730,16,No
CUST0061,43.0,Female,Rawalpindi,Standard,1931.0,26,39,3,Medium,2026-06-06,1.0,29,Monthly,50206,23,Yes
CUST0062,27.0,Female,Quetta,Standard,2623.0,54,34,3,Low,2026-06-10,2.0,25,Monthly,141642,19,Yes
CUST0063,49.0,Female,Karachi,Basic,824.0,1,4,7,High,2026-05-28,2.0,16,Monthly,824,32,Yes
CUST0064,44.0,Female,Islamabad,Standard,2189.0,20,35,0,Low,2026-05-09,1.0,28,Monthly,43780,51,Yes
CUST0065,60.0,Female,Faisalabad,Basic,767.0,37,67,0,Medium,2026-04-16,1.0,7,Yearly,28379,74,No
CUST0066,60.0,Female,Lahore,Premium,3284.0,44,13,1,High,2026-05-25,5.0,18,Quarterly,144496,35,No
CUST0067,40.0,Male,Islamabad,Standard,1589.0,17,8,9,Low,2026-05-26,2.0,25,Monthly,27013,34,Yes
CUST0068,58.0,Male,Faisalabad,Standard,2719.0,7,58,4,High,2026-04-15,2.0,12,Monthly,19033,75,Yes
CUST0069,46.0,Female,Rawalpindi,Premium,3728.0,56,21,8,High,2026-04-17,4.0,9,Quarterly,208768,73,No
CUST0070,41.0,Female,Faisalabad,Basic,1188.0,35,36,1,Low,2026-06-05,1.0,6,Yearly,41580,24,No
CUST0071,40.0,Female,Faisalabad,Basic,536.0,32,12,0,Low,2026-04-01,5.0,22,Quarterly,17152,89,Yes
CUST0072,52.0,Male,Faisalabad,Basic,1297.0,41,17,0,High,2026-04-01,4.0,15,Quarterly,53177,89,No
CUST0073,39.0,Female,Lahore,Basic,1198.0,13,19,0,Low,2026-04-29,4.0,11,Yearly,15574,61,No
CUST0074,58.0,Male,Lahore,Standard,1575.0,19,9,6,High,2026-05-08,4.0,13,Yearly,29925,52,No
CUST0075,36.0,Male,Peshawar,Basic,,58,16,4,Low,2026-06-17,5.0,2,Quarterly,50228,12,No
CUST0076,42.0,Female,Lahore,Standard,2390.0,52,53,6,Low,2026-05-07,1.0,6,Yearly,124280,53,Yes
CUST0077,59.0,Male,Karachi,Standard,2434.0,58,14,9,High,2026-04-03,5.0,2,Quarterly,141172,87,No
CUST0078,46.0,Male,Rawalpindi,Basic,1342.0,43,18,8,Low,2026-06-12,2.0,25,Quarterly,57706,17,Yes
CUST0079,55.0,Male,Islamabad,Premium,4197.0,7,13,7,Medium,2026-05-10,2.0,8,Quarterly,29379,50,Yes
CUST0080,44.0,Male,Faisalabad,Basic,693.0,58,5,4,High,2026-04-25,3.0,7,Monthly,40194,65,No
CUST0081,39.0,Female,Lahore,Standard,2010.0,52,71,8,Low,2026-05-24,5.0,3,Monthly,104520,36,No
CUST0082,23.0,Female,Multan,Standard,2938.0,60,19,5,Low,2026-03-31,3.0,9,Monthly,176280,90,No
CUST0083,36.0,Male,Rawalpindi,Standard,2649.0,39,67,1,Medium,2026-05-02,4.0,29,Quarterly,103311,58,No
CUST0084,37.0,Male,Faisalabad,Standard,1955.0,28,61,8,High,2026-04-13,1.0,2,Yearly,54740,77,Yes
CUST0085,45.0,Female,Multan,Basic,690.0,57,25,7,Low,2026-06-23,1.0,5,Quarterly,39330,6,Yes
CUST0086,61.0,Male,Faisalabad,Basic,1171.0,45,45,4,Low,2026-05-24,5.0,10,Yearly,52695,36,No
CUST0087,52.0,Female,Multan,Premium,4555.0,19,57,1,Medium,2026-06-15,1.0,16,Quarterly,86545,14,Yes
CUST0088,32.0,Male,Peshawar,Premium,4396.0,31,54,5,Low,2026-04-03,3.0,15,Quarterly,136276,87,No
CUST0089,28.0,Male,Peshawar,Basic,829.0,12,16,7,High,2026-06-01,4.0,23,Yearly,9948,28,No
CUST0090,25.0,Male,Multan,Standard,2871.0,58,36,9,Low,2026-05-10,2.0,27,Yearly,166518,50,Yes
CUST0091,45.0,Female,Multan,Premium,3868.0,28,41,3,Low,2026-04-27,3.0,21,Yearly,108304,63,No
CUST0092,34.0,Female,Faisalabad,Premium,3928.0,9,77,2,Medium,2026-04-08,5.0,5,Quarterly,35352,82,No
CUST0093,22.0,Female,Faisalabad,Premium,4944.0,47,66,9,Low,2026-06-24,2.0,26,Monthly,232368,5,Yes
CUST0094,50.0,Female,Peshawar,Premium,5193.0,54,49,10,High,2026-04-27,5.0,25,Monthly,280422,63,Yes
CUST0095,42.0,Female,Peshawar,Premium,5874.0,22,27,0,Low,2026-06-28,5.0,0,Quarterly,129228,1,No
CUST0096,38.0,Female,Rawalpindi,Standard,2322.0,48,6,0,High,2026-06-24,5.0,30,Yearly,111456,5,No
CUST0097,55.0,Female,Quetta,Standard,2960.0,3,23,4,Medium,2026-04-16,5.0,4,Yearly,8880,74,No
CUST0098,27.0,Male,Quetta,Premium,4168.0,19,78,8,Low,2026-05-15,1.0,18,Yearly,79192,45,Yes
CUST0099,30.0,Male,Faisalabad,Premium,4469.0,4,65,0,High,2026-04-18,2.0,27,Yearly,17876,72,Yes
CUST0100,56.0,Female,Karachi,Basic,749.0,26,34,5,High,2026-05-10,3.0,26,Quarterly,19474,50,No
CUST0101,29.0,Male,Rawalpindi,Basic,553.0,1,5,10,Low,2026-05-13,1.0,16,Monthly,553,47,Yes
CUST0102,40.0,Male,Quetta,Premium,4252.0,15,14,1,Low,2026-05-22,3.0,18,Quarterly,63780,38,No
CUST0103,51.0,Female,Rawalpindi,Premium,4329.0,38,30,10,High,2026-05-08,3.0,30,Quarterly,164502,52,Yes
CUST0104,55.0,Female,Peshawar,Basic,1483.0,33,79,6,Low,2026-04-09,2.0,18,Yearly,48939,81,Yes
CUST0105,22.0,Male,Karachi,Standard,2399.0,29,10,7,Low,2026-06-12,1.0,9,Monthly,69571,17,Yes
CUST0106,37.0,Female,Lahore,Premium,3068.0,24,34,5,Low,2026-04-13,5.0,1,Monthly,73632,77,No
CUST0107,60.0,Female,Islamabad,Standard,1610.0,43,23,6,High,2026-06-13,3.0,21,Yearly,69230,16,No
CUST0108,25.0,Female,Quetta,Premium,3359.0,4,4,7,High,2026-04-23,1.0,2,Yearly,13436,67,Yes
CUST0109,44.0,Female,Quetta,Basic,1171.0,29,50,9,High,2026-06-08,3.0,18,Quarterly,33959,21,No
CUST0110,22.0,Female,Faisalabad,Basic,1103.0,18,42,5,High,2026-06-28,5.0,5,Quarterly,19854,1,No
CUST0111,22.0,Female,Rawalpindi,Standard,2023.0,41,46,1,Medium,2026-03-31,1.0,13,Monthly,82943,90,Yes
CUST0112,62.0,Female,Rawalpindi,Standard,2596.0,27,26,8,Medium,2026-05-04,1.0,21,Quarterly,70092,56,Yes
CUST0113,47.0,Male,Islamabad,Basic,1330.0,43,48,0,Low,2026-06-28,2.0,3,Quarterly,57190,1,No
CUST0114,25.0,Male,Rawalpindi,Basic,1366.0,49,52,7,Medium,2026-04-03,2.0,27,Quarterly,66934,87,Yes
CUST0115,31.0,Female,Quetta,Standard,2909.0,24,26,10,Low,2026-06-26,3.0,6,Monthly,69816,3,No
CUST0116,64.0,Female,Peshawar,Premium,5797.0,23,18,9,High,2026-06-14,3.0,18,Monthly,133331,15,No
CUST0117,42.0,Female,Quetta,Basic,984.0,55,28,9,Medium,2026-04-04,1.0,16,Quarterly,54120,86,Yes
CUST0118,43.0,Female,Peshawar,Premium,3536.0,44,17,3,High,2026-06-19,1.0,3,Yearly,155584,10,No
CUST0119,20.0,Male,Quetta,Basic,608.0,41,18,3,Medium,2026-06-21,2.0,14,Quarterly,24928,8,No
CUST0120,57.0,Female,Lahore,Standard,2247.0,49,42,8,Medium,2026-05-08,5.0,5,Yearly,110103,52,No
CUST0121,43.0,Female,Islamabad,Standard,2966.0,34,56,10,Low,2026-05-27,5.0,5,Yearly,100844,33,No
CUST0122,39.0,Male,Peshawar,Premium,4733.0,21,70,6,High,2026-04-15,4.0,29,Yearly,99393,75,No
CUST0123,47.0,Male,Karachi,Premium,5870.0,31,9,6,Medium,2026-05-29,3.0,18,Monthly,181970,31,Yes
CUST0124,57.0,Female,Islamabad,Basic,1047.0,37,24,5,Medium,2026-04-15,2.0,19,Quarterly,38739,75,Yes
CUST0125,21.0,Female,Rawalpindi,Standard,2145.0,15,51,8,Medium,2026-04-15,2.0,14,Quarterly,32175,75,Yes
CUST0126,25.0,Female,Faisalabad,Standard,2958.0,26,45,4,Medium,2026-04-22,2.0,21,Monthly,76908,68,Yes
CUST0127,36.0,Female,Lahore,Premium,3224.0,20,20,0,High,2026-06-28,4.0,14,Monthly,64480,1,No
CUST0128,,Female,Rawalpindi,Premium,3319.0,14,38,4,Low,2026-04-13,3.0,30,Yearly,46466,77,No
CUST0129,60.0,Male,Lahore,Basic,1172.0,3,6,1,Low,2026-06-06,2.0,4,Monthly,3516,23,Yes
CUST0130,27.0,Male,Rawalpindi,Basic,1397.0,44,13,7,Medium,2026-04-25,2.0,19,Yearly,61468,65,Yes
CUST0131,54.0,Male,Rawalpindi,Standard,2284.0,9,9,10,High,2026-05-11,3.0,29,Quarterly,20556,49,Yes
CUST0132,22.0,Female,Islamabad,Premium,3235.0,60,50,4,High,2026-05-26,3.0,8,Yearly,194100,34,No
CUST0133,29.0,Male,Islamabad,Standard,2012.0,35,40,5,Low,2026-04-18,4.0,28,Yearly,70420,72,No
CUST0134,28.0,Male,Faisalabad,Premium,4252.0,41,14,2,High,2026-06-24,5.0,4,Quarterly,174332,5,No
CUST0135,36.0,Female,Rawalpindi,Basic,577.0,59,26,3,High,2026-05-18,1.0,12,Yearly,34043,42,No
CUST0136,42.0,Male,Karachi,Premium,5343.0,18,72,6,Medium,2026-05-22,3.0,28,Yearly,96174,38,No
CUST0137,50.0,Male,Lahore,Standard,2074.0,23,15,0,High,2026-04-24,1.0,16,Quarterly,47702,66,Yes
CUST0138,31.0,Female,Karachi,Premium,5151.0,53,51,6,High,2026-06-23,3.0,5,Quarterly,273003,6,No
CUST0139,20.0,Male,Peshawar,Standard,2702.0,7,72,9,Low,2026-05-31,4.0,14,Quarterly,18914,29,No
CUST0140,50.0,Female,Quetta,Premium,3477.0,52,27,3,Low,2026-05-03,5.0,5,Quarterly,180804,57,No
CUST0141,50.0,Male,Faisalabad,Premium,3950.0,37,33,3,High,2026-06-24,2.0,9,Quarterly,146150,5,No
CUST0142,27.0,Female,Peshawar,Premium,4141.0,33,38,3,High,2026-05-08,5.0,23,Quarterly,136653,52,No
CUST0143,32.0,Female,Rawalpindi,Basic,1147.0,29,5,3,Medium,2026-06-27,4.0,12,Quarterly,33263,2,No
CUST0144,44.0,Male,Quetta,Premium,5674.0,31,36,3,High,2026-06-02,2.0,10,Yearly,175894,27,No
CUST0145,22.0,Female,Multan,Basic,510.0,20,74,7,Medium,2026-06-17,2.0,13,Quarterly,10200,12,Yes
CUST0146,43.0,Male,Quetta,Basic,1115.0,13,62,1,Medium,2026-04-30,1.0,0,Quarterly,14495,60,Yes
CUST0147,60.0,Female,Faisalabad,Premium,3355.0,12,68,4,High,2026-05-29,5.0,7,Quarterly,40260,31,No
CUST0148,26.0,Male,Rawalpindi,Basic,550.0,54,29,7,Low,2026-06-18,1.0,21,Yearly,29700,11,Yes
CUST0149,40.0,Female,Quetta,Premium,5861.0,1,21,9,Low,2026-04-03,4.0,21,Yearly,5861,87,Yes
CUST0150,18.0,Female,Quetta,Standard,2066.0,54,40,4,Low,2026-06-20,1.0,20,Monthly,111564,9,Yes
CUST0151,27.0,Female,Rawalpindi,Standard,1812.0,52,26,8,High,2026-06-04,3.0,30,Monthly,94224,25,No
CUST0152,43.0,Female,Multan,Standard,1885.0,11,7,1,High,2026-06-12,3.0,1,Yearly,20735,17,No
CUST0153,60.0,Female,Peshawar,Premium,3875.0,59,51,5,High,2026-05-08,1.0,6,Quarterly,228625,52,No
CUST0154,23.0,Female,Quetta,Standard,2684.0,53,49,10,Medium,2026-04-05,2.0,27,Quarterly,142252,85,Yes
CUST0155,24.0,Male,Karachi,Premium,4107.0,17,49,3,Low,2026-04-29,4.0,30,Quarterly,69819,61,No
CUST0156,57.0,Male,Islamabad,Basic,826.0,49,1,6,Low,2026-05-04,3.0,26,Yearly,40474,56,Yes
CUST0157,36.0,Female,Faisalabad,Premium,5717.0,32,29,0,High,2026-05-30,5.0,28,Yearly,182944,30,No
CUST0158,33.0,Female,Karachi,Basic,518.0,40,18,0,Medium,2026-04-24,3.0,14,Monthly,20720,66,No
CUST0159,45.0,Female,Islamabad,Standard,1613.0,49,38,2,Low,2026-06-21,4.0,0,Yearly,79037,8,No
CUST0160,46.0,Male,Faisalabad,Basic,1370.0,55,3,9,Low,2026-05-26,2.0,18,Yearly,75350,34,Yes
CUST0161,50.0,Female,Islamabad,Premium,3054.0,23,32,1,Medium,2026-04-25,5.0,7,Monthly,70242,65,No
CUST0162,20.0,Male,Faisalabad,Standard,1942.0,24,72,5,Medium,2026-04-23,1.0,14,Quarterly,46608,67,Yes
CUST0163,50.0,Female,Islamabad,Basic,763.0,28,34,2,Medium,2026-04-22,3.0,15,Quarterly,21364,68,No
CUST0164,54.0,Male,Karachi,Standard,1968.0,54,14,6,Medium,2026-04-16,2.0,6,Monthly,106272,74,Yes
CUST0165,24.0,Male,Islamabad,Basic,650.0,33,19,2,High,2026-04-30,4.0,28,Quarterly,21450,60,No
CUST0166,35.0,Male,Rawalpindi,Basic,1396.0,2,47,4,High,2026-06-27,4.0,10,Quarterly,2792,2,No
CUST0167,20.0,Male,Peshawar,Standard,2642.0,23,12,3,Medium,2026-05-22,5.0,4,Quarterly,60766,38,No
CUST0168,47.0,Female,Faisalabad,Premium,4076.0,9,44,2,High,2026-04-04,4.0,25,Monthly,36684,86,No
CUST0169,61.0,Male,Rawalpindi,Premium,3592.0,24,74,7,Low,2026-04-03,3.0,13,Quarterly,86208,87,Yes
CUST0170,,Male,Islamabad,Basic,1381.0,17,14,8,Low,2026-06-04,2.0,12,Yearly,23477,25,Yes
CUST0171,56.0,Male,Islamabad,Basic,1257.0,9,22,10,Medium,2026-05-02,4.0,25,Quarterly,11313,58,Yes
CUST0172,46.0,Female,Faisalabad,Basic,1109.0,45,37,10,Low,2026-05-18,2.0,20,Quarterly,49905,42,Yes
CUST0173,53.0,Female,Quetta,Basic,1433.0,41,34,0,High,2026-04-14,5.0,24,Monthly,58753,76,No
CUST0174,40.0,Female,Rawalpindi,Standard,1841.0,53,27,8,Low,2026-06-17,3.0,7,Yearly,97573,12,No
CUST0175,62.0,Male,Islamabad,Standard,2320.0,57,71,9,Low,2026-06-03,5.0,16,Monthly,132240,26,Yes
CUST0176,,Male,Islamabad,Standard,2201.0,28,46,1,High,2026-04-25,,21,Yearly,61628,65,No
CUST0177,53.0,Female,Quetta,Basic,1293.0,51,29,4,Medium,2026-06-18,3.0,7,Yearly,65943,11,No
CUST0178,53.0,Female,Peshawar,Standard,1686.0,49,39,7,High,2026-05-05,,21,Yearly,82614,55,No
CUST0179,64.0,Female,Quetta,Basic,1257.0,24,22,4,High,2026-05-24,1.0,25,Monthly,30168,36,Yes
CUST0180,64.0,Female,Multan,Premium,4762.0,20,62,10,Medium,2026-04-17,5.0,10,Monthly,95240,73,No
CUST0181,43.0,Male,Rawalpindi,Premium,4524.0,2,73,8,High,2026-04-01,1.0,0,Yearly,9048,89,Yes
CUST0182,60.0,Male,Faisalabad,Premium,5089.0,40,25,6,Low,2026-05-16,3.0,2,Monthly,203560,44,No
CUST0183,47.0,Female,Quetta,Standard,2365.0,38,12,2,Low,2026-05-01,5.0,11,Yearly,89870,59,No
CUST0184,,Female,Quetta,Basic,1068.0,10,55,0,Medium,2026-04-10,4.0,29,Quarterly,10680,80,No
CUST0185,41.0,Female,Multan,Standard,2160.0,19,80,5,High,2026-04-01,1.0,17,Monthly,41040,89,Yes
CUST0186,,Male,Multan,Standard,1988.0,15,26,9,High,2026-06-03,1.0,22,Quarterly,29820,26,Yes
CUST0187,38.0,Female,Peshawar,Premium,3249.0,22,7,4,Low,2026-05-12,1.0,18,Quarterly,71478,48,Yes
CUST0188,25.0,Male,Multan,Standard,2326.0,50,39,2,Medium,2026-06-12,2.0,26,Monthly,116300,17,Yes
CUST0189,31.0,Female,Lahore,Premium,5667.0,31,60,1,High,2026-05-17,3.0,4,Quarterly,175677,43,No
CUST0190,57.0,Female,Lahore,Basic,682.0,26,39,7,High,2026-04-04,1.0,3,Quarterly,17732,86,Yes
CUST0191,42.0,Female,Quetta,Basic,1221.0,13,33,9,Low,2026-04-24,4.0,29,Quarterly,15873,66,Yes
CUST0192,52.0,Male,Faisalabad,Standard,,42,30,10,High,2026-06-11,5.0,12,Quarterly,85890,18,No
CUST0193,49.0,Male,Lahore,Premium,4914.0,32,39,3,High,2026-04-28,5.0,29,Monthly,157248,62,No
CUST0194,61.0,Male,Faisalabad,Premium,3271.0,57,56,8,Low,2026-06-04,2.0,29,Yearly,186447,25,Yes
CUST0195,56.0,Female,Karachi,Basic,888.0,20,65,0,Low,2026-06-15,3.0,12,Quarterly,17760,14,No
CUST0196,47.0,Male,Islamabad,Standard,1823.0,50,18,4,High,2026-04-25,1.0,15,Quarterly,91150,65,No
CUST0197,63.0,Female,Peshawar,Standard,2084.0,15,15,0,Medium,2026-04-22,1.0,23,Monthly,31260,68,Yes
CUST0198,29.0,Female,Islamabad,Standard,1560.0,59,43,5,Low,2026-04-13,3.0,29,Yearly,92040,77,No
CUST0199,51.0,Male,Karachi,Standard,2063.0,25,4,10,Medium,2026-04-27,4.0,28,Quarterly,51575,63,Yes
CUST0200,62.0,Female,Lahore,Standard,2853.0,46,57,9,High,2026-06-26,1.0,16,Quarterly,131238,3,Yes
CUST0201,23.0,Female,Islamabad,Standard,1553.0,5,47,6,High,2026-06-09,1.0,8,Quarterly,7765,20,Yes
CUST0202,59.0,Female,Multan,Premium,5737.0,35,62,0,High,2026-06-16,3.0,2,Quarterly,200795,13,No
CUST0203,64.0,Female,Multan,Basic,828.0,25,68,4,High,2026-05-04,2.0,10,Monthly,20700,56,Yes
CUST0204,20.0,Female,Rawalpindi,Standard,2487.0,59,29,8,Low,2026-04-14,3.0,24,Quarterly,146733,76,Yes
CUST0205,59.0,Female,Peshawar,Standard,2986.0,9,40,8,High,2026-05-01,5.0,10,Yearly,26874,59,No
CUST0206,51.0,Male,Quetta,Basic,623.0,24,79,5,Low,2026-05-12,3.0,4,Yearly,14952,48,No
CUST0207,43.0,Female,Karachi,Standard,1953.0,18,37,4,Low,2026-05-20,5.0,16,Yearly,35154,40,No
CUST0208,62.0,Female,Lahore,Premium,3317.0,32,58,2,Low,2026-04-13,2.0,7,Quarterly,106144,77,Yes
CUST0209,62.0,Male,Karachi,Standard,2785.0,33,19,7,Medium,2026-05-01,4.0,0,Quarterly,91905,59,No
CUST0210,65.0,Female,Karachi,Standard,2280.0,41,45,8,High,2026-04-27,,9,Yearly,93480,63,No
CUST0211,44.0,Female,Multan,Premium,3699.0,38,7,4,High,2026-05-02,3.0,12,Quarterly,140562,58,No
CUST0212,48.0,Male,Karachi,Basic,925.0,23,10,10,High,2026-05-21,5.0,29,Yearly,21275,39,No
CUST0213,48.0,Female,Rawalpindi,Premium,5403.0,18,2,6,Low,2026-05-14,2.0,12,Quarterly,97254,46,Yes
CUST0214,44.0,Male,Karachi,Standard,2756.0,49,17,7,Low,2026-04-26,2.0,27,Yearly,135044,64,Yes
CUST0215,41.0,Female,Lahore,Basic,1174.0,45,70,2,Medium,2026-04-27,2.0,8,Monthly,52830,63,Yes
CUST0216,45.0,Female,Multan,Standard,1834.0,60,37,5,Medium,2026-04-22,4.0,19,Monthly,110040,68,Yes
CUST0217,44.0,Male,Peshawar,Premium,5571.0,17,22,0,High,2026-04-25,2.0,21,Monthly,94707,65,Yes
CUST0218,39.0,Male,Islamabad,Basic,619.0,26,50,3,High,2026-05-08,3.0,2,Quarterly,16094,52,No
CUST0219,29.0,Male,Quetta,Premium,3028.0,7,11,0,Low,2026-05-02,3.0,10,Monthly,21196,58,No
CUST0220,40.0,Female,Faisalabad,Standard,2953.0,26,29,3,Medium,2026-06-16,1.0,2,Yearly,76778,13,No
CUST0221,58.0,Male,Quetta,Standard,2794.0,39,29,10,High,2026-05-13,4.0,1,Yearly,108966,47,No
CUST0222,31.0,Male,Karachi,Standard,2545.0,20,75,10,Medium,2026-05-04,3.0,16,Yearly,50900,56,Yes
CUST0223,45.0,Female,Peshawar,Premium,3020.0,29,47,4,Medium,2026-06-23,3.0,19,Quarterly,87580,6,No
CUST0224,36.0,Female,Rawalpindi,Standard,2976.0,57,3,10,Medium,2026-05-22,1.0,25,Monthly,169632,38,Yes
CUST0225,32.0,Male,Peshawar,Premium,4980.0,34,35,0,Medium,2026-06-17,1.0,23,Yearly,169320,12,No
CUST0226,35.0,Female,Faisalabad,Basic,991.0,15,80,10,High,2026-04-01,4.0,13,Quarterly,14865,89,No
CUST0227,34.0,Female,Lahore,Premium,3519.0,29,79,10,High,2026-04-19,2.0,19,Yearly,102051,71,Yes
CUST0228,20.0,Male,Quetta,Standard,2459.0,29,44,4,Low,2026-06-26,4.0,25,Yearly,71311,3,No
CUST0229,37.0,Female,Rawalpindi,Premium,3526.0,46,25,6,Low,2026-04-06,1.0,29,Yearly,162196,84,Yes
CUST0230,53.0,Female,Islamabad,Premium,4701.0,9,48,8,Low,2026-04-04,4.0,30,Yearly,42309,86,Yes
CUST0231,19.0,Male,Faisalabad,Standard,2083.0,24,11,0,Low,2026-04-26,5.0,17,Yearly,49992,64,No
CUST0232,35.0,Female,Islamabad,Basic,994.0,46,38,10,Medium,2026-05-27,5.0,24,Quarterly,45724,33,No
CUST0233,55.0,Female,Islamabad,Basic,891.0,41,11,5,Low,2026-05-19,3.0,23,Yearly,36531,41,No
CUST0234,34.0,Female,Faisalabad,Basic,1388.0,12,46,5,Medium,2026-05-27,4.0,19,Quarterly,16656,33,No
CUST0235,27.0,Female,Multan,Basic,1427.0,40,2,0,Medium,2026-04-13,1.0,8,Monthly,57080,77,Yes
CUST0236,47.0,Male,Rawalpindi,Premium,5636.0,33,26,5,High,2026-03-31,2.0,5,Yearly,185988,90,No
CUST0237,63.0,Female,Multan,Basic,642.0,58,44,0,Medium,2026-04-23,,28,Monthly,37236,67,Yes
CUST0238,23.0,Female,Karachi,Standard,2273.0,9,73,6,Medium,2026-04-14,1.0,17,Yearly,20457,76,Yes
CUST0239,25.0,Female,Peshawar,Premium,4713.0,8,62,3,Medium,2026-06-22,3.0,30,Monthly,37704,7,No
CUST0240,28.0,Male,Quetta,Basic,707.0,20,4,5,High,2026-06-03,2.0,21,Yearly,14140,26,No
CUST0241,20.0,Female,Rawalpindi,Premium,3873.0,41,14,10,Low,2026-06-17,2.0,21,Yearly,158793,12,Yes
CUST0242,40.0,Female,Faisalabad,Premium,5956.0,12,25,2,Medium,2026-05-05,2.0,18,Monthly,71472,55,Yes
CUST0243,63.0,Male,Lahore,Basic,1184.0,36,8,6,Medium,2026-05-28,5.0,22,Quarterly,42624,32,No
CUST0244,61.0,Male,Karachi,Basic,1465.0,18,18,2,High,2026-05-01,5.0,23,Monthly,26370,59,No
CUST0245,20.0,Female,Quetta,Standard,2254.0,28,35,5,High,2026-04-14,1.0,6,Yearly,63112,76,No
CUST0246,47.0,Female,Islamabad,Standard,1658.0,21,58,7,High,2026-06-25,4.0,4,Monthly,34818,4,No
CUST0247,45.0,Female,Peshawar,Standard,2905.0,44,20,7,Low,2026-05-09,2.0,16,Yearly,127820,51,Yes
CUST0248,49.0,Female,Rawalpindi,Standard,1919.0,41,66,1,Medium,2026-05-21,4.0,5,Monthly,78679,39,No
CUST0249,59.0,Female,Karachi,Premium,4394.0,51,58,5,Medium,2026-06-26,5.0,11,Yearly,224094,3,No
CUST0250,62.0,Female,Lahore,Standard,1520.0,18,15,0,Medium,2026-06-21,3.0,25,Monthly,27360,8,No
CUST0251,53.0,Male,Quetta,Basic,977.0,48,42,1,High,2026-05-22,5.0,4,Monthly,46896,38,No
CUST0252,62.0,Male,Lahore,Standard,1817.0,41,60,7,Low,2026-06-27,1.0,19,Monthly,74497,2,Yes
CUST0253,56.0,Male,Karachi,Premium,5938.0,6,28,1,Low,2026-06-24,3.0,4,Yearly,35628,5,No
CUST0254,,Male,Rawalpindi,Standard,1959.0,40,56,3,Low,2026-05-13,5.0,22,Yearly,78360,47,No
CUST0255,48.0,Male,Faisalabad,Basic,509.0,11,67,5,Low,2026-06-19,2.0,28,Yearly,5599,10,Yes
CUST0256,29.0,Female,Islamabad,Basic,860.0,30,1,4,High,2026-05-17,4.0,7,Monthly,25800,43,No
CUST0257,29.0,Male,Lahore,Standard,1812.0,1,64,5,Low,2026-05-23,4.0,27,Yearly,1812,37,No
CUST0258,64.0,Female,Lahore,Basic,703.0,37,37,0,Medium,2026-05-16,1.0,23,Monthly,26011,44,Yes
CUST0259,45.0,Male,Peshawar,Premium,4742.0,47,6,10,Low,2026-04-12,5.0,19,Yearly,222874,78,Yes
CUST0260,19.0,Male,Quetta,Standard,2010.0,9,37,3,Medium,2026-06-28,2.0,28,Yearly,18090,1,No
CUST0261,52.0,Male,Quetta,Premium,5532.0,6,59,4,Low,2026-05-09,1.0,16,Yearly,33192,51,Yes
CUST0262,31.0,Male,Faisalabad,Standard,1989.0,12,20,4,High,2026-05-17,2.0,23,Monthly,23868,43,Yes
CUST0263,51.0,Male,Quetta,Standard,2829.0,25,29,8,Medium,2026-06-06,3.0,17,Yearly,70725,23,No
CUST0264,61.0,Male,Quetta,Premium,5198.0,38,45,3,Medium,2026-06-21,2.0,9,Monthly,197524,8,No
CUST0265,38.0,Male,Multan,Premium,4014.0,1,8,5,Low,2026-04-04,5.0,14,Monthly,4014,86,Yes
CUST0266,64.0,Male,Faisalabad,Premium,5358.0,34,43,9,High,2026-06-12,2.0,17,Yearly,182172,17,Yes
CUST0267,43.0,Female,Peshawar,Premium,3302.0,8,76,10,High,2026-04-22,1.0,13,Quarterly,26416,68,Yes
CUST0268,50.0,Female,Peshawar,Basic,646.0,1,31,4,High,2026-03-31,5.0,8,Monthly,646,90,No
CUST0269,45.0,Male,Peshawar,Standard,2509.0,2,64,5,Low,2026-05-19,1.0,0,Quarterly,5018,41,Yes
CUST0270,42.0,Female,Quetta,Standard,2280.0,48,73,4,Medium,2026-04-15,5.0,30,Yearly,109440,75,No
CUST0271,21.0,Male,Multan,Standard,2904.0,34,4,5,Medium,2026-04-08,3.0,5,Yearly,98736,82,No
CUST0272,30.0,Female,Multan,Basic,778.0,41,75,0,High,2026-06-14,1.0,20,Quarterly,31898,15,No
CUST0273,18.0,Male,Karachi,Basic,1210.0,12,15,4,Low,2026-04-01,3.0,27,Quarterly,14520,89,Yes
CUST0274,50.0,Male,Multan,Basic,1235.0,49,35,5,High,2026-04-18,2.0,10,Monthly,60515,72,Yes
CUST0275,63.0,Female,Karachi,Standard,2341.0,14,66,8,Medium,2026-06-03,3.0,20,Yearly,32774,26,No
CUST0276,25.0,Female,Lahore,Standard,2973.0,48,70,4,High,2026-06-04,5.0,25,Quarterly,142704,25,No
CUST0277,29.0,Female,Karachi,Premium,,5,37,3,High,2026-04-03,3.0,15,Monthly,16515,87,No
CUST0278,23.0,Male,Quetta,Basic,997.0,46,43,4,Low,2026-04-10,3.0,22,Quarterly,45862,80,Yes
CUST0279,64.0,Female,Karachi,Standard,2647.0,53,15,8,High,2026-05-09,4.0,10,Monthly,140291,51,No
CUST0280,32.0,Female,Lahore,Premium,,4,13,5,High,2026-04-12,3.0,1,Yearly,15152,78,No
CUST0281,21.0,Female,Lahore,Basic,872.0,48,52,10,Medium,2026-06-01,5.0,14,Yearly,41856,28,No
CUST0282,52.0,Female,Multan,Standard,2667.0,8,36,1,Low,2026-04-13,2.0,16,Monthly,21336,77,Yes
CUST0283,21.0,Male,Peshawar,Basic,844.0,26,75,6,Low,2026-05-21,4.0,9,Yearly,21944,39,No
CUST0284,30.0,Male,Karachi,Premium,5359.0,31,42,9,High,2026-04-22,4.0,19,Monthly,166129,68,Yes
CUST0285,24.0,Female,Peshawar,Standard,2908.0,54,44,7,Medium,2026-05-13,5.0,9,Monthly,157032,47,Yes
CUST0286,30.0,Female,Faisalabad,Premium,4300.0,55,9,9,Medium,2026-06-19,1.0,14,Yearly,236500,10,No
CUST0287,41.0,Male,Lahore,Basic,1132.0,58,42,7,Low,2026-05-23,1.0,25,Yearly,65656,37,Yes
CUST0288,21.0,Male,Karachi,Standard,2163.0,50,19,3,Medium,2026-04-16,4.0,6,Yearly,108150,74,No
CUST0289,42.0,Female,Quetta,Premium,3914.0,18,36,9,Medium,2026-04-21,1.0,22,Quarterly,70452,69,Yes
CUST0290,64.0,Female,Rawalpindi,Premium,3482.0,49,33,6,Low,2026-06-07,5.0,16,Quarterly,170618,22,No
CUST0291,65.0,Female,Karachi,Standard,1918.0,37,71,10,High,2026-04-12,2.0,8,Yearly,70966,78,Yes
CUST0292,30.0,Female,Faisalabad,Basic,753.0,57,25,1,Low,2026-04-05,3.0,6,Quarterly,42921,85,No
CUST0293,35.0,Male,Lahore,Basic,1053.0,3,39,8,Medium,2026-06-05,1.0,10,Monthly,3159,24,Yes
CUST0294,63.0,Male,Faisalabad,Standard,2741.0,19,42,6,Medium,2026-05-24,5.0,13,Monthly,52079,36,No
CUST0295,57.0,Male,Quetta,Premium,3352.0,37,36,2,Medium,2026-04-20,1.0,7,Monthly,124024,70,Yes
CUST0296,58.0,Male,Peshawar,Premium,3707.0,39,13,0,High,2026-04-30,4.0,1,Monthly,144573,60,No
CUST0297,22.0,Female,Karachi,Standard,1659.0,44,21,7,High,2026-05-16,2.0,2,Monthly,72996,44,Yes
CUST0298,20.0,Female,Lahore,Standard,2653.0,22,44,1,Low,2026-04-03,1.0,2,Quarterly,58366,87,Yes
CUST0299,47.0,Female,Peshawar,Premium,3661.0,52,44,9,High,2026-04-13,4.0,4,Quarterly,190372,77,No
CUST0300,46.0,Female,Karachi,Standard,2826.0,31,55,9,Low,2026-06-13,1.0,22,Quarterly,87606,16,Yes
CUST0301,29.0,Male,Quetta,Premium,4423.0,17,12,7,Medium,2026-06-13,4.0,2,Monthly,75191,16,No
CUST0302,47.0,Female,Karachi,Basic,778.0,45,5,3,Medium,2026-05-30,4.0,0,Yearly,35010,30,No
CUST0303,38.0,Female,Karachi,Standard,1905.0,20,72,6,Medium,2026-06-13,,20,Yearly,38100,16,Yes
CUST0304,29.0,Female,Rawalpindi,Standard,2237.0,38,14,3,Low,2026-04-24,1.0,22,Monthly,85006,66,Yes
CUST0305,58.0,Male,Rawalpindi,Standard,2269.0,21,73,0,Medium,2026-05-08,3.0,2,Yearly,47649,52,No
CUST0306,40.0,Male,Rawalpindi,Basic,695.0,26,55,5,Low,2026-05-17,3.0,21,Quarterly,18070,43,No
CUST0307,32.0,Male,Islamabad,Premium,4339.0,22,12,0,Low,2026-04-08,2.0,5,Yearly,95458,82,Yes
CUST0308,62.0,Male,Islamabad,Premium,4693.0,35,78,5,Medium,2026-06-22,3.0,15,Quarterly,164255,7,No
CUST0309,31.0,Female,Multan,Premium,3398.0,9,21,2,Medium,2026-06-27,2.0,26,Monthly,30582,2,Yes
CUST0310,52.0,Female,Karachi,Standard,2729.0,18,20,1,Medium,2026-04-24,2.0,24,Yearly,49122,66,Yes
CUST0311,42.0,Female,Faisalabad,Premium,4312.0,54,36,0,Low,2026-06-26,5.0,19,Quarterly,232848,3,No
CUST0312,52.0,Male,Faisalabad,Standard,2401.0,41,25,4,Medium,2026-06-08,2.0,7,Monthly,98441,21,No
CUST0313,51.0,Male,Multan,Standard,2036.0,4,79,3,Low,2026-06-17,5.0,27,Yearly,8144,12,No
CUST0314,49.0,Male,Peshawar,Standard,1591.0,32,13,3,High,2026-04-30,2.0,28,Yearly,50912,60,Yes
CUST0315,23.0,Male,Quetta,Premium,4884.0,32,43,1,High,2026-04-07,4.0,22,Monthly,156288,83,No
CUST0316,48.0,Female,Quetta,Premium,,51,34,9,Low,2026-06-18,1.0,1,Monthly,231540,11,Yes
CUST0317,48.0,Female,Karachi,Standard,2986.0,56,73,6,High,2026-06-08,3.0,8,Monthly,167216,21,No
CUST0318,26.0,Male,Lahore,Basic,689.0,28,7,0,High,2026-05-20,4.0,3,Quarterly,19292,40,No
CUST0319,34.0,Female,Islamabad,Standard,2882.0,37,52,3,Medium,2026-05-22,4.0,27,Quarterly,106634,38,No
CUST0320,56.0,Female,Peshawar,Standard,2586.0,50,63,2,High,2026-04-04,,27,Yearly,129300,86,No
CUST0321,31.0,Male,Multan,Basic,1240.0,7,5,6,Medium,2026-06-08,2.0,29,Monthly,8680,21,Yes
CUST0322,55.0,Female,Faisalabad,Standard,2160.0,15,10,6,High,2026-05-21,2.0,23,Yearly,32400,39,Yes
CUST0323,22.0,Male,Multan,Basic,512.0,1,53,1,High,2026-05-28,5.0,12,Yearly,512,32,No
CUST0324,53.0,Male,Multan,Standard,2494.0,17,60,10,High,2026-05-05,5.0,19,Yearly,42398,55,No
CUST0325,43.0,Female,Islamabad,Premium,3545.0,4,52,1,High,2026-05-08,3.0,8,Monthly,14180,52,No
CUST0326,46.0,Female,Peshawar,Premium,5601.0,38,21,9,Medium,2026-04-26,5.0,16,Monthly,212838,64,Yes
CUST0327,34.0,Male,Peshawar,Premium,3392.0,56,41,0,Medium,2026-05-12,2.0,27,Monthly,189952,48,Yes
CUST0328,46.0,Female,Faisalabad,Basic,509.0,33,58,7,Low,2026-04-15,5.0,27,Quarterly,16797,75,Yes
CUST0329,51.0,Female,Rawalpindi,Basic,1454.0,8,72,0,Low,2026-04-03,,27,Monthly,11632,87,Yes
CUST0330,41.0,Male,Faisalabad,Basic,966.0,45,69,0,High,2026-04-13,5.0,7,Yearly,43470,77,No
CUST0331,25.0,Male,Multan,Premium,3086.0,57,43,0,Low,2026-06-05,,18,Yearly,175902,24,No
CUST0332,52.0,Female,Islamabad,Basic,516.0,24,5,3,Low,2026-05-02,5.0,7,Yearly,12384,58,No
CUST0333,48.0,Male,Quetta,Basic,727.0,46,11,3,Medium,2026-06-01,3.0,6,Quarterly,33442,28,No
CUST0334,60.0,Male,Quetta,Premium,4284.0,58,5,5,Medium,2026-04-09,2.0,5,Yearly,248472,81,No
CUST0335,48.0,Female,Rawalpindi,Premium,3359.0,8,25,8,Low,2026-05-10,2.0,14,Quarterly,26872,50,Yes
CUST0336,20.0,Female,Rawalpindi,Standard,2905.0,49,68,8,High,2026-04-28,1.0,24,Yearly,142345,62,Yes
CUST0337,27.0,Female,Quetta,Standard,2151.0,21,2,5,Medium,2026-05-28,5.0,20,Yearly,45171,32,No
CUST0338,48.0,Female,Islamabad,Basic,787.0,16,32,1,High,2026-06-14,3.0,9,Monthly,12592,15,No
CUST0339,34.0,Female,Lahore,Premium,5230.0,40,73,8,Medium,2026-04-01,3.0,13,Quarterly,209200,89,No
CUST0340,39.0,Male,Karachi,Standard,1913.0,52,44,2,Low,2026-06-08,1.0,23,Monthly,99476,21,Yes
CUST0341,52.0,Female,Quetta,Premium,4567.0,58,39,0,Low,2026-05-13,4.0,8,Quarterly,264886,47,No
CUST0342,35.0,Male,Rawalpindi,Standard,2920.0,21,21,7,Medium,2026-04-04,4.0,10,Monthly,61320,86,Yes
CUST0343,39.0,Female,Lahore,Standard,2868.0,43,22,1,High,2026-04-05,2.0,28,Quarterly,123324,85,Yes
CUST0344,32.0,Male,Peshawar,Basic,782.0,52,50,2,Medium,2026-06-07,4.0,12,Monthly,40664,22,No
CUST0345,60.0,Male,Multan,Basic,1200.0,37,56,2,High,2026-05-31,3.0,22,Yearly,44400,29,No
CUST0346,47.0,Female,Islamabad,Basic,607.0,39,25,4,Low,2026-06-13,2.0,25,Quarterly,23673,16,Yes
CUST0347,25.0,Female,Islamabad,Premium,4899.0,1,5,2,Medium,2026-04-26,1.0,3,Quarterly,4899,64,Yes
CUST0348,59.0,Male,Karachi,Basic,990.0,34,10,4,Medium,2026-04-24,3.0,26,Monthly,33660,66,Yes
CUST0349,58.0,Male,Peshawar,Basic,512.0,48,9,3,Medium,2026-03-31,4.0,21,Monthly,24576,90,Yes
CUST0350,29.0,Female,Karachi,Basic,1473.0,17,14,8,Low,2026-06-09,2.0,20,Quarterly,25041,20,Yes
CUST0351,28.0,Female,Karachi,Basic,1254.0,16,70,7,Medium,2026-05-02,3.0,4,Yearly,20064,58,No
CUST0352,21.0,Male,Rawalpindi,Premium,4404.0,47,4,3,Low,2026-06-03,2.0,23,Quarterly,206988,26,Yes
CUST0353,54.0,Female,Lahore,Premium,4492.0,38,54,7,Medium,2026-05-22,5.0,9,Monthly,170696,38,No
CUST0354,63.0,Female,Islamabad,Premium,3187.0,4,57,3,High,2026-04-19,1.0,22,Monthly,12748,71,Yes
CUST0355,21.0,Female,Karachi,Premium,3525.0,29,3,7,High,2026-05-02,5.0,15,Yearly,102225,58,No
CUST0356,21.0,Male,Peshawar,Standard,2265.0,56,24,1,Low,2026-05-29,2.0,18,Yearly,126840,31,Yes
CUST0357,36.0,Female,Multan,Standard,2842.0,49,22,7,High,2026-05-30,5.0,11,Monthly,139258,30,No
CUST0358,55.0,Female,Karachi,Standard,2426.0,53,64,2,Low,2026-05-05,5.0,3,Yearly,128578,55,No
CUST0359,50.0,Male,Multan,Basic,1330.0,18,47,10,Low,2026-05-15,1.0,27,Quarterly,23940,45,Yes
CUST0360,50.0,Female,Islamabad,Premium,3197.0,17,4,3,Medium,2026-04-20,3.0,14,Yearly,54349,70,No
CUST0361,64.0,Female,Islamabad,Basic,623.0,14,75,6,Low,2026-06-13,1.0,25,Yearly,8722,16,Yes
CUST0362,,Female,Lahore,Standard,1999.0,57,61,9,Low,2026-04-13,2.0,2,Monthly,113943,77,Yes
CUST0363,60.0,Male,Lahore,Standard,1753.0,49,70,0,Medium,2026-05-09,3.0,12,Yearly,85897,51,No
CUST0364,36.0,Female,Quetta,Standard,2046.0,42,46,9,Low,2026-04-26,3.0,4,Yearly,85932,64,No
CUST0365,54.0,Male,Faisalabad,Standard,1548.0,20,21,9,Low,2026-04-20,5.0,3,Yearly,30960,70,No
CUST0366,43.0,Female,Faisalabad,Basic,1137.0,4,39,1,Medium,2026-06-05,3.0,0,Quarterly,4548,24,No
CUST0367,53.0,Female,Quetta,Standard,2308.0,6,54,8,Medium,2026-04-01,4.0,23,Monthly,13848,89,Yes
CUST0368,53.0,Female,Quetta,Standard,2425.0,21,24,9,High,2026-05-25,4.0,6,Quarterly,50925,35,No
CUST0369,45.0,Male,Peshawar,Basic,1131.0,14,10,5,Medium,2026-04-13,2.0,24,Yearly,15834,77,Yes
CUST0370,23.0,Male,Faisalabad,Standard,2340.0,44,45,3,Low,2026-04-08,3.0,19,Monthly,102960,82,Yes
CUST0371,60.0,Female,Faisalabad,Standard,1695.0,57,50,0,Medium,2026-04-20,3.0,6,Yearly,96615,70,No
CUST0372,32.0,Female,Islamabad,Premium,3671.0,18,75,3,Medium,2026-06-03,5.0,9,Quarterly,66078,26,No
CUST0373,61.0,Female,Lahore,Premium,3895.0,56,14,8,Medium,2026-06-08,5.0,25,Yearly,218120,21,No
CUST0374,35.0,Female,Faisalabad,Premium,4753.0,5,37,7,Low,2026-04-01,1.0,18,Monthly,23765,89,Yes
CUST0375,38.0,Female,Multan,Premium,5492.0,12,41,0,High,2026-04-22,2.0,20,Yearly,65904,68,Yes
CUST0376,59.0,Male,Lahore,Basic,826.0,57,33,0,High,2026-06-01,5.0,28,Yearly,47082,28,No
CUST0377,60.0,Female,Lahore,Basic,922.0,41,49,0,Low,2026-04-20,2.0,5,Monthly,37802,70,Yes
CUST0378,51.0,Female,Multan,Standard,2341.0,1,5,1,High,2026-04-16,1.0,1,Monthly,2341,74,Yes
CUST0379,51.0,Male,Quetta,Standard,1934.0,16,39,5,Medium,2026-05-20,4.0,23,Quarterly,30944,40,No
CUST0380,55.0,Male,Islamabad,Premium,3570.0,60,10,2,Medium,2026-05-11,3.0,30,Quarterly,214200,49,No
CUST0381,49.0,Female,Faisalabad,Basic,776.0,7,20,9,Low,2026-04-04,4.0,13,Monthly,5432,86,Yes
CUST0382,32.0,Male,Quetta,Premium,5791.0,56,79,5,Medium,2026-06-15,4.0,27,Yearly,324296,14,No
CUST0383,44.0,Male,Faisalabad,Standard,2179.0,41,58,9,High,2026-04-24,1.0,30,Quarterly,89339,66,Yes
CUST0384,42.0,Male,Faisalabad,Premium,4277.0,56,3,7,Medium,2026-05-18,4.0,0,Monthly,239512,42,No
CUST0385,52.0,Male,Islamabad,Basic,1178.0,6,52,6,Medium,2026-05-10,1.0,26,Monthly,7068,50,Yes
CUST0386,60.0,Female,Karachi,Premium,5756.0,19,51,10,Medium,2026-06-21,4.0,9,Yearly,109364,8,No
CUST0387,41.0,Female,Karachi,Premium,3475.0,60,41,3,High,2026-04-18,5.0,20,Quarterly,208500,72,No
CUST0388,26.0,Female,Islamabad,Premium,4967.0,47,42,3,High,2026-06-22,4.0,1,Yearly,233449,7,No
CUST0389,33.0,Male,Multan,Premium,5924.0,3,3,10,Low,2026-05-20,2.0,10,Monthly,17772,40,Yes
CUST0390,55.0,Male,Islamabad,Basic,719.0,33,1,6,Medium,2026-05-12,5.0,27,Monthly,23727,48,Yes
CUST0391,60.0,Female,Multan,Standard,1759.0,37,70,5,High,2026-06-17,3.0,8,Monthly,65083,12,No
CUST0392,28.0,Male,Karachi,Standard,2539.0,46,1,6,Medium,2026-05-30,5.0,20,Yearly,116794,30,No
CUST0393,30.0,Female,Peshawar,Standard,2783.0,34,28,5,High,2026-05-01,2.0,30,Monthly,94622,59,Yes
CUST0394,44.0,Male,Multan,Premium,4560.0,5,3,0,Low,2026-06-09,4.0,24,Quarterly,22800,20,No
CUST0395,51.0,Female,Multan,Basic,881.0,26,5,2,High,2026-06-20,5.0,27,Yearly,22906,9,No
CUST0396,55.0,Male,Islamabad,Standard,2145.0,50,60,8,High,2026-05-13,3.0,1,Monthly,107250,47,No
CUST0397,,Male,Islamabad,Standard,,44,3,9,Low,2026-03-31,5.0,27,Monthly,86064,90,Yes
CUST0398,50.0,Female,Rawalpindi,Standard,2045.0,21,41,2,High,2026-04-15,2.0,25,Quarterly,42945,75,Yes
CUST0399,40.0,Male,Faisalabad,Basic,1395.0,48,22,0,High,2026-06-18,5.0,11,Yearly,66960,11,No
CUST0400,47.0,Female,Islamabad,Premium,3930.0,15,33,3,Medium,2026-05-26,5.0,15,Yearly,58950,34,No
CUST0401,19.0,Male,Islamabad,Premium,3935.0,35,28,6,High,2026-06-28,1.0,19,Monthly,137725,1,Yes
CUST0402,25.0,Male,Multan,Premium,3854.0,55,63,2,Low,2026-06-04,4.0,25,Monthly,211970,25,No
CUST0403,64.0,Male,Lahore,Premium,5190.0,38,63,4,High,2026-05-07,3.0,24,Quarterly,197220,53,No
CUST0404,63.0,Male,Peshawar,Premium,5019.0,52,76,0,High,2026-04-13,1.0,2,Monthly,260988,77,Yes
CUST0405,32.0,Female,Faisalabad,Premium,4138.0,18,6,10,Medium,2026-05-01,3.0,22,Quarterly,74484,59,Yes
CUST0406,44.0,Male,Peshawar,Standard,2387.0,34,46,5,Medium,2026-04-18,4.0,20,Monthly,81158,72,Yes
CUST0407,52.0,Male,Islamabad,Standard,2095.0,19,25,7,Medium,2026-04-03,2.0,5,Quarterly,39805,87,Yes
CUST0408,39.0,Female,Rawalpindi,Standard,1582.0,48,51,2,High,2026-04-17,2.0,18,Monthly,75936,73,Yes
CUST0409,45.0,Female,Multan,Premium,5220.0,20,71,8,Medium,2026-06-10,3.0,27,Quarterly,104400,19,No
CUST0410,64.0,Male,Multan,Premium,3397.0,52,38,4,High,2026-05-20,5.0,3,Monthly,176644,40,No
CUST0411,34.0,Female,Rawalpindi,Standard,1764.0,30,64,0,Low,2026-06-15,4.0,24,Quarterly,52920,14,No
CUST0412,28.0,Female,Rawalpindi,Basic,1238.0,53,59,8,Low,2026-04-22,4.0,26,Monthly,65614,68,Yes
CUST0413,45.0,Female,Peshawar,Premium,5561.0,8,41,7,Medium,2026-05-12,5.0,29,Monthly,44488,48,Yes
CUST0414,47.0,Male,Multan,Premium,4058.0,12,11,1,High,2026-06-08,5.0,30,Quarterly,48696,21,No
CUST0415,22.0,Male,Islamabad,Standard,2799.0,48,67,0,High,2026-04-17,5.0,28,Quarterly,134352,73,No
CUST0416,26.0,Female,Faisalabad,Standard,2558.0,4,65,7,Low,2026-05-13,5.0,22,Monthly,10232,47,Yes
CUST0417,57.0,Female,Quetta,Basic,937.0,12,76,8,Low,2026-05-08,3.0,25,Yearly,11244,52,Yes
CUST0418,46.0,Female,Lahore,Basic,731.0,22,21,2,Medium,2026-05-31,4.0,24,Quarterly,16082,29,No
CUST0419,21.0,Female,Faisalabad,Premium,4478.0,55,28,3,Low,2026-04-23,4.0,12,Monthly,246290,67,No
CUST0420,39.0,Female,Islamabad,Standard,1693.0,44,34,10,High,2026-04-18,1.0,0,Quarterly,74492,72,Yes
CUST0421,40.0,Female,Multan,Basic,761.0,38,25,1,Medium,2026-06-17,1.0,28,Monthly,28918,12,Yes
CUST0422,23.0,Male,Multan,Premium,3282.0,26,8,2,Medium,2026-04-25,4.0,9,Monthly,85332,65,No
CUST0423,46.0,Female,Quetta,Premium,5800.0,45,40,2,Medium,2026-05-04,5.0,19,Yearly,261000,56,No
CUST0424,30.0,Male,Islamabad,Basic,548.0,38,46,0,Medium,2026-03-31,3.0,19,Quarterly,20824,90,No
CUST0425,56.0,Female,Multan,Basic,1256.0,21,49,9,Low,2026-06-20,3.0,21,Yearly,26376,9,No
CUST0426,41.0,Female,Lahore,Basic,1316.0,37,41,0,Low,2026-05-01,5.0,18,Monthly,48692,59,Yes
CUST0427,56.0,Female,Quetta,Premium,4574.0,55,13,10,Medium,2026-04-13,3.0,10,Monthly,251570,77,Yes
CUST0428,63.0,Male,Multan,Premium,3000.0,45,40,2,Medium,2026-04-18,4.0,7,Monthly,135000,72,No
CUST0429,62.0,Female,Faisalabad,Premium,5492.0,12,33,9,Medium,2026-04-21,4.0,25,Yearly,65904,69,No
CUST0430,25.0,Female,Faisalabad,Standard,2358.0,25,46,6,Low,2026-04-03,5.0,14,Quarterly,58950,87,Yes
CUST0431,64.0,Female,Karachi,Standard,2349.0,20,18,1,High,2026-05-27,4.0,29,Quarterly,46980,33,No
CUST0432,53.0,Male,Quetta,Standard,1984.0,18,19,7,High,2026-04-14,4.0,16,Yearly,35712,76,No
CUST0433,32.0,Male,Lahore,Premium,4793.0,41,63,8,Medium,2026-05-09,2.0,1,Monthly,196513,51,Yes
CUST0434,28.0,Female,Islamabad,Premium,4289.0,13,14,1,Low,2026-04-17,3.0,21,Monthly,55757,73,Yes
CUST0435,56.0,Male,Rawalpindi,Basic,1270.0,28,70,10,Medium,2026-05-22,5.0,1,Quarterly,35560,38,No
CUST0436,20.0,Female,Islamabad,Standard,2873.0,16,40,1,High,2026-06-17,1.0,8,Monthly,45968,12,No
CUST0437,52.0,Female,Quetta,Premium,4856.0,43,55,9,High,2026-04-28,5.0,20,Monthly,208808,62,Yes
CUST0438,48.0,Male,Rawalpindi,Premium,4431.0,25,38,4,Medium,2026-05-24,3.0,17,Yearly,110775,36,No
CUST0439,52.0,Female,Peshawar,Standard,1874.0,45,73,4,Low,2026-04-30,2.0,29,Quarterly,84330,60,Yes
CUST0440,61.0,Female,Multan,Premium,4823.0,34,67,2,High,2026-04-11,4.0,11,Yearly,163982,79,No
CUST0441,58.0,Female,Quetta,Basic,859.0,23,75,9,Low,2026-05-27,3.0,24,Quarterly,19757,33,Yes
CUST0442,41.0,Female,Rawalpindi,Standard,2813.0,39,56,4,Medium,2026-05-04,4.0,4,Yearly,109707,56,No
CUST0443,18.0,Male,Quetta,Standard,2058.0,1,20,2,Medium,2026-04-30,5.0,9,Quarterly,2058,60,No
CUST0444,35.0,Female,Faisalabad,Basic,918.0,28,43,10,High,2026-05-22,3.0,16,Yearly,25704,38,No
CUST0445,22.0,Female,Peshawar,Standard,2429.0,8,48,3,Low,2026-04-25,4.0,5,Quarterly,19432,65,No
CUST0446,48.0,Male,Faisalabad,Premium,4648.0,4,50,4,Low,2026-04-15,3.0,2,Quarterly,18592,75,Yes
CUST0447,62.0,Female,Faisalabad,Premium,4178.0,4,46,5,Medium,2026-05-09,3.0,26,Monthly,16712,51,Yes
CUST0448,23.0,Male,Faisalabad,Premium,5172.0,59,15,4,High,2026-05-23,2.0,4,Quarterly,305148,37,No
CUST0449,59.0,Male,Karachi,Premium,5693.0,60,68,1,High,2026-05-31,4.0,8,Yearly,341580,29,No
CUST0450,30.0,Male,Rawalpindi,Basic,930.0,59,17,5,High,2026-05-23,4.0,4,Yearly,54870,37,No
CUST0451,58.0,Male,Rawalpindi,Basic,1408.0,49,34,5,Low,2026-04-03,5.0,26,Quarterly,68992,87,Yes
CUST0452,20.0,Female,Quetta,Basic,853.0,42,32,2,High,2026-04-05,2.0,16,Monthly,35826,85,Yes
CUST0453,,Male,Islamabad,Standard,1799.0,44,11,6,High,2026-06-28,4.0,18,Quarterly,79156,1,No
CUST0454,45.0,Female,Rawalpindi,Standard,1982.0,24,13,1,Medium,2026-05-09,3.0,3,Quarterly,47568,51,No
CUST0455,34.0,Male,Karachi,Premium,5151.0,35,24,9,High,2026-04-05,3.0,4,Monthly,180285,85,No
CUST0456,25.0,Male,Islamabad,Standard,2016.0,28,17,4,Low,2026-06-10,4.0,21,Monthly,56448,19,No
CUST0457,44.0,Female,Quetta,Basic,1365.0,53,11,5,High,2026-06-17,5.0,14,Quarterly,72345,12,No
CUST0458,38.0,Male,Lahore,Standard,1894.0,54,5,0,High,2026-05-14,4.0,8,Yearly,102276,46,No
CUST0459,29.0,Male,Multan,Standard,2382.0,6,19,9,Medium,2026-05-08,4.0,11,Yearly,14292,52,Yes
CUST0460,49.0,Female,Islamabad,Premium,3694.0,6,75,0,Medium,2026-04-26,3.0,10,Quarterly,22164,64,No
CUST0461,34.0,Male,Karachi,Standard,2473.0,51,51,3,Low,2026-05-12,5.0,2,Yearly,126123,48,No
CUST0462,26.0,Female,Faisalabad,Premium,3115.0,8,45,0,Low,2026-04-18,1.0,16,Monthly,24920,72,Yes
CUST0463,36.0,Female,Faisalabad,Premium,4346.0,38,59,4,High,2026-04-29,5.0,14,Monthly,165148,61,No
CUST0464,48.0,Male,Peshawar,Standard,2219.0,55,22,5,High,2026-05-06,3.0,2,Quarterly,122045,54,No
CUST0465,27.0,Male,Peshawar,Premium,5367.0,42,21,1,Low,2026-05-25,1.0,23,Monthly,225414,35,Yes
CUST0466,47.0,Male,Quetta,Standard,2826.0,57,35,2,Low,2026-06-03,2.0,7,Monthly,161082,26,Yes
CUST0467,57.0,Female,Peshawar,Basic,1041.0,7,7,2,Medium,2026-06-04,1.0,3,Quarterly,7287,25,No
CUST0468,54.0,Female,Faisalabad,Premium,5958.0,1,37,7,High,2026-04-17,5.0,27,Yearly,5958,73,Yes
CUST0469,18.0,Male,Faisalabad,Premium,3546.0,36,66,7,Medium,2026-05-14,1.0,1,Yearly,127656,46,Yes
CUST0470,31.0,Male,Lahore,Premium,3413.0,4,75,2,Low,2026-04-30,3.0,13,Quarterly,13652,60,Yes
CUST0471,30.0,Female,Islamabad,Standard,2813.0,45,45,2,High,2026-06-13,3.0,5,Yearly,126585,16,No
CUST0472,19.0,Female,Karachi,Premium,4680.0,40,34,9,Medium,2026-04-30,4.0,15,Quarterly,187200,60,No
CUST0473,19.0,Male,Rawalpindi,Basic,973.0,2,13,7,Medium,2026-05-21,4.0,1,Monthly,1946,39,Yes
CUST0474,20.0,Female,Multan,Standard,,8,78,7,High,2026-05-07,3.0,21,Yearly,21904,53,No
CUST0475,56.0,Female,Rawalpindi,Basic,1412.0,1,30,4,High,2026-06-10,5.0,20,Yearly,1412,19,No
CUST0476,36.0,Male,Quetta,Premium,4304.0,57,31,0,High,2026-04-18,,9,Quarterly,245328,72,No
CUST0477,37.0,Male,Karachi,Basic,1381.0,32,14,1,High,2026-05-07,4.0,13,Yearly,44192,53,No
CUST0478,41.0,Male,Islamabad,Basic,521.0,15,30,3,Medium,2026-04-03,5.0,26,Yearly,7815,87,No
CUST0479,25.0,Female,Karachi,Premium,4035.0,18,31,1,Low,2026-04-15,2.0,23,Yearly,72630,75,Yes
CUST0480,58.0,Female,Karachi,Premium,4464.0,12,26,1,Medium,2026-04-02,1.0,22,Monthly,53568,88,Yes
CUST0481,25.0,Female,Islamabad,Premium,5437.0,41,69,8,Medium,2026-06-18,5.0,27,Quarterly,222917,11,No
CUST0482,18.0,Male,Quetta,Premium,3136.0,43,27,1,Medium,2026-04-08,4.0,3,Yearly,134848,82,No
CUST0483,32.0,Male,Peshawar,Standard,1640.0,51,49,5,Low,2026-05-23,4.0,18,Yearly,83640,37,No
CUST0484,34.0,Male,Karachi,Basic,970.0,58,29,0,Medium,2026-04-01,4.0,26,Quarterly,56260,89,No
CUST0485,27.0,Male,Lahore,Basic,522.0,47,21,10,Medium,2026-05-27,5.0,4,Monthly,24534,33,No
CUST0486,41.0,Female,Peshawar,Basic,1022.0,44,17,3,Low,2026-04-17,1.0,29,Yearly,44968,73,Yes
CUST0487,38.0,Female,Multan,Standard,2478.0,20,12,4,Medium,2026-05-12,2.0,16,Quarterly,49560,48,Yes
CUST0488,56.0,Female,Karachi,Premium,4023.0,28,41,2,High,2026-04-19,2.0,13,Yearly,112644,71,No
CUST0489,58.0,Male,Multan,Basic,709.0,13,13,3,Low,2026-06-20,2.0,15,Yearly,9217,9,No
CUST0490,26.0,Female,Islamabad,Premium,4482.0,38,54,7,Low,2026-04-03,1.0,3,Monthly,170316,87,Yes
CUST0491,62.0,Male,Faisalabad,Standard,,45,9,7,High,2026-06-26,4.0,17,Yearly,74745,3,No
CUST0492,45.0,Female,Peshawar,Basic,1439.0,6,21,7,Low,2026-06-08,1.0,3,Quarterly,8634,21,Yes
CUST0493,60.0,Female,Islamabad,Standard,2836.0,35,49,5,Low,2026-05-16,2.0,20,Yearly,99260,44,Yes
CUST0494,64.0,Male,Lahore,Premium,3557.0,53,13,4,Medium,2026-04-09,2.0,21,Yearly,188521,81,Yes
CUST0495,53.0,Male,Rawalpindi,Basic,637.0,14,35,8,Low,2026-06-12,3.0,14,Monthly,8918,17,No
CUST0496,29.0,Male,Quetta,Premium,3883.0,54,24,10,High,2026-04-30,1.0,3,Yearly,209682,60,Yes
CUST0497,43.0,Male,Rawalpindi,Premium,3118.0,38,28,0,Low,2026-04-14,4.0,25,Quarterly,118484,76,No
CUST0498,44.0,Female,Rawalpindi,Premium,4705.0,54,59,8,Low,2026-06-23,2.0,4,Monthly,254070,6,Yes
CUST0499,24.0,Male,Faisalabad,Basic,1235.0,32,25,0,High,2026-05-03,2.0,6,Yearly,39520,57,No
CUST0500,29.0,Female,Multan,Basic,1219.0,16,43,4,Medium,2026-06-22,4.0,12,Monthly,19504,7,No
CUST0501,53.0,Male,Peshawar,Standard,1806.0,47,73,10,Medium,2026-04-01,1.0,22,Monthly,84882,89,Yes
CUST0502,25.0,Male,Peshawar,Premium,4082.0,45,4,7,Medium,2026-05-31,3.0,28,Monthly,183690,29,Yes
CUST0503,51.0,Female,Peshawar,Premium,5459.0,34,77,6,Medium,2026-06-25,4.0,25,Yearly,185606,4,No
CUST0504,43.0,Female,Peshawar,Basic,892.0,40,5,7,Medium,2026-04-15,4.0,17,Quarterly,35680,75,Yes
CUST0505,32.0,Male,Quetta,Basic,1039.0,32,22,8,Low,2026-03-31,1.0,26,Quarterly,33248,90,Yes
CUST0506,61.0,Male,Quetta,Basic,861.0,7,57,9,High,2026-05-15,1.0,9,Quarterly,6027,45,No
CUST0507,36.0,Female,Islamabad,Standard,1960.0,11,53,7,Low,2026-06-01,4.0,14,Quarterly,21560,28,No
CUST0508,28.0,Male,Multan,Premium,4072.0,43,47,3,Low,2026-05-13,4.0,24,Quarterly,175096,47,No
CUST0509,48.0,Female,Karachi,Premium,3685.0,41,26,0,High,2026-04-06,2.0,4,Monthly,151085,84,Yes
CUST0510,58.0,Male,Faisalabad,Standard,1747.0,11,54,0,High,2026-06-02,2.0,5,Yearly,19217,27,No
CUST0511,51.0,Male,Karachi,Basic,1235.0,15,61,9,High,2026-04-21,5.0,13,Yearly,18525,69,No
CUST0512,23.0,Male,Quetta,Basic,1073.0,38,62,1,Medium,2026-06-16,2.0,13,Quarterly,40774,13,No
CUST0513,48.0,Male,Rawalpindi,Basic,502.0,30,6,7,High,2026-05-27,4.0,12,Monthly,15060,33,No
CUST0514,34.0,Female,Rawalpindi,Premium,5378.0,48,77,1,High,2026-06-01,3.0,30,Yearly,258144,28,No
CUST0515,61.0,Male,Peshawar,Basic,1180.0,6,16,3,High,2026-05-12,3.0,27,Quarterly,7080,48,Yes
CUST0516,43.0,Female,Peshawar,Standard,2855.0,57,11,4,High,2026-06-10,1.0,17,Yearly,162735,19,No
CUST0517,40.0,Female,Faisalabad,Standard,2369.0,55,26,5,Medium,2026-05-31,4.0,11,Yearly,130295,29,No
CUST0518,51.0,Female,Quetta,Basic,1118.0,17,43,4,High,2026-06-21,2.0,1,Quarterly,19006,8,No
CUST0519,30.0,Female,Rawalpindi,Standard,1507.0,42,65,10,Medium,2026-04-06,1.0,26,Quarterly,63294,84,Yes
CUST0520,41.0,Male,Rawalpindi,Premium,4877.0,50,44,8,Low,2026-05-24,5.0,9,Monthly,243850,36,No
CUST0521,54.0,Female,Peshawar,Standard,2679.0,28,42,10,Low,2026-05-18,5.0,23,Monthly,75012,42,Yes
CUST0522,57.0,Female,Rawalpindi,Standard,1955.0,2,48,10,High,2026-04-23,5.0,26,Monthly,3910,67,Yes
CUST0523,61.0,Female,Multan,Standard,2696.0,13,10,3,Medium,2026-06-02,1.0,21,Yearly,35048,27,No
CUST0524,51.0,Female,Quetta,Basic,628.0,51,32,8,High,2026-04-23,5.0,6,Quarterly,32028,67,No
CUST0525,37.0,Male,Islamabad,Premium,3628.0,20,35,2,High,2026-03-31,1.0,6,Quarterly,72560,90,No
CUST0526,31.0,Male,Lahore,Premium,3273.0,17,45,3,Low,2026-05-07,5.0,19,Monthly,55641,53,Yes
CUST0527,44.0,Male,Lahore,Standard,1823.0,18,65,1,Low,2026-06-03,1.0,25,Yearly,32814,26,Yes
CUST0528,62.0,Male,Karachi,Premium,4289.0,20,59,10,Low,2026-06-24,1.0,8,Monthly,85780,5,Yes
CUST0529,18.0,Male,Quetta,Standard,2801.0,17,41,3,Low,2026-05-04,5.0,10,Yearly,47617,56,No
CUST0530,38.0,Female,Quetta,Basic,1087.0,35,26,2,Low,2026-04-30,3.0,12,Yearly,38045,60,No
CUST0531,24.0,Female,Lahore,Basic,826.0,47,26,7,High,2026-04-12,5.0,20,Yearly,38822,78,No
CUST0532,21.0,Female,Faisalabad,Basic,1373.0,23,15,1,High,2026-06-21,4.0,12,Yearly,31579,8,No
CUST0533,58.0,Female,Islamabad,Basic,646.0,48,46,8,Low,2026-06-14,3.0,3,Yearly,31008,15,No
CUST0534,52.0,Male,Rawalpindi,Basic,1396.0,37,67,7,High,2026-04-27,3.0,7,Yearly,51652,63,No
CUST0535,53.0,Female,Multan,Standard,2035.0,34,4,2,Medium,2026-05-11,2.0,24,Monthly,69190,49,Yes
CUST0536,40.0,Female,Peshawar,Standard,2771.0,53,23,4,High,2026-05-19,5.0,29,Monthly,146863,41,No
CUST0537,23.0,Male,Faisalabad,Premium,4673.0,37,40,6,Low,2026-04-06,5.0,28,Yearly,172901,84,Yes
CUST0538,20.0,Male,Karachi,Standard,1841.0,51,47,3,Medium,2026-05-22,4.0,11,Quarterly,93891,38,No
CUST0539,53.0,Female,Lahore,Premium,4988.0,47,13,6,Low,2026-05-30,2.0,17,Yearly,234436,30,Yes
CUST0540,54.0,Male,Karachi,Standard,2635.0,25,27,2,Medium,2026-05-13,1.0,29,Yearly,65875,47,Yes
CUST0541,53.0,Female,Karachi,Premium,5551.0,39,22,4,Low,2026-06-13,5.0,7,Monthly,216489,16,No
CUST0542,48.0,Male,Quetta,Standard,2725.0,42,32,10,Low,2026-06-20,2.0,30,Monthly,114450,9,Yes
CUST0543,34.0,Female,Lahore,Basic,979.0,11,10,5,Medium,2026-04-22,1.0,16,Monthly,10769,68,Yes
CUST0544,65.0,Male,Islamabad,Premium,4134.0,52,25,10,Medium,2026-04-25,5.0,4,Monthly,214968,65,No
CUST0545,42.0,Female,Islamabad,Premium,4104.0,51,66,7,Low,2026-06-28,3.0,5,Yearly,209304,1,No
CUST0546,64.0,Female,Multan,Standard,2901.0,23,39,8,High,2026-05-19,1.0,1,Monthly,66723,41,Yes
CUST0547,46.0,Male,Multan,Basic,640.0,9,70,5,Low,2026-06-26,4.0,19,Quarterly,5760,3,No
CUST0548,34.0,Male,Karachi,Standard,2599.0,49,47,6,High,2026-04-23,1.0,16,Yearly,127351,67,Yes
CUST0549,43.0,Female,Multan,Basic,599.0,15,32,3,High,2026-04-07,2.0,16,Quarterly,8985,83,Yes
CUST0550,60.0,Female,Quetta,Basic,918.0,52,78,9,Medium,2026-05-26,1.0,13,Yearly,47736,34,No
CUST0551,21.0,Female,Peshawar,Basic,814.0,24,29,2,High,2026-05-11,1.0,0,Yearly,19536,49,No
CUST0552,57.0,Female,Karachi,Premium,5240.0,19,69,10,Medium,2026-04-26,5.0,15,Monthly,99560,64,No
CUST0553,52.0,Male,Karachi,Standard,,19,80,10,Low,2026-04-01,3.0,9,Quarterly,42085,89,Yes
CUST0554,,Male,Peshawar,Standard,1951.0,31,44,6,Medium,2026-06-07,2.0,23,Monthly,60481,22,Yes
CUST0555,54.0,Male,Lahore,Standard,2018.0,8,78,7,Medium,2026-06-13,3.0,17,Quarterly,16144,16,No
CUST0556,36.0,Female,Karachi,Basic,709.0,51,80,7,Low,2026-06-17,4.0,0,Monthly,36159,12,No
CUST0557,28.0,Female,Quetta,Premium,3139.0,5,17,5,High,2026-05-03,1.0,4,Yearly,15695,57,Yes
CUST0558,45.0,Female,Karachi,Basic,568.0,14,59,0,Low,2026-06-10,2.0,15,Quarterly,7952,19,No
CUST0559,39.0,Male,Multan,Standard,2973.0,5,47,6,Low,2026-06-16,4.0,0,Quarterly,14865,13,Yes
CUST0560,37.0,Female,Peshawar,Basic,890.0,54,79,6,High,2026-06-09,3.0,21,Yearly,48060,20,No
CUST0561,46.0,Male,Islamabad,Premium,5385.0,24,63,9,Medium,2026-06-21,1.0,24,Monthly,129240,8,Yes
CUST0562,43.0,Male,Faisalabad,Standard,1701.0,29,17,1,Medium,2026-06-01,2.0,4,Quarterly,49329,28,No
CUST0563,58.0,Male,Karachi,Basic,581.0,5,41,0,Medium,2026-04-14,3.0,16,Quarterly,2905,76,Yes
CUST0564,24.0,Female,Faisalabad,Standard,1886.0,59,10,1,Low,2026-04-10,1.0,2,Quarterly,111274,80,Yes
CUST0565,19.0,Female,Rawalpindi,Premium,5633.0,60,38,5,High,2026-05-05,2.0,10,Quarterly,337980,55,No
CUST0566,56.0,Male,Quetta,Basic,1168.0,27,20,10,Low,2026-06-09,1.0,21,Quarterly,31536,20,Yes
CUST0567,61.0,Male,Peshawar,Standard,2095.0,19,66,4,High,2026-04-23,2.0,21,Quarterly,39805,67,Yes
CUST0568,23.0,Female,Quetta,Standard,2806.0,15,10,8,Medium,2026-04-20,1.0,15,Yearly,42090,70,Yes
CUST0569,58.0,Male,Faisalabad,Standard,1599.0,59,59,1,High,2026-04-25,5.0,3,Yearly,94341,65,No
CUST0570,36.0,Male,Quetta,Standard,1765.0,26,53,10,Low,2026-06-08,3.0,15,Quarterly,45890,21,No
CUST0571,39.0,Female,Faisalabad,Premium,,36,30,8,High,2026-04-25,5.0,27,Yearly,129924,65,No
CUST0572,62.0,Female,Rawalpindi,Standard,2530.0,4,49,8,Medium,2026-06-28,4.0,18,Quarterly,10120,1,Yes
CUST0573,27.0,Female,Multan,Basic,572.0,36,46,9,High,2026-06-02,1.0,9,Monthly,20592,27,Yes
CUST0574,52.0,Male,Lahore,Premium,4364.0,52,25,3,Medium,2026-04-17,5.0,26,Yearly,226928,73,No
CUST0575,44.0,Male,Quetta,Standard,2414.0,26,17,10,High,2026-05-18,1.0,8,Monthly,62764,42,Yes
CUST0576,37.0,Female,Quetta,Basic,1179.0,45,39,0,High,2026-05-08,5.0,22,Quarterly,53055,52,No
CUST0577,64.0,Male,Faisalabad,Premium,5040.0,33,69,10,Low,2026-04-15,2.0,7,Yearly,166320,75,Yes
CUST0578,20.0,Female,Peshawar,Basic,660.0,58,75,1,Medium,2026-05-22,2.0,17,Yearly,38280,38,No
CUST0579,36.0,Female,Peshawar,Premium,5366.0,36,77,7,High,2026-04-25,3.0,9,Yearly,193176,65,No
CUST0580,44.0,Female,Lahore,Standard,2190.0,46,73,5,High,2026-05-21,3.0,24,Yearly,100740,39,No
CUST0581,45.0,Male,Karachi,Basic,1193.0,33,37,8,High,2026-05-01,2.0,23,Yearly,39369,59,Yes
CUST0582,38.0,Female,Islamabad,Premium,3444.0,2,58,10,High,2026-05-20,3.0,27,Monthly,6888,40,Yes
CUST0583,53.0,Female,Multan,Standard,2775.0,50,37,1,Low,2026-06-07,2.0,30,Monthly,138750,22,Yes
CUST0584,28.0,Male,Faisalabad,Basic,684.0,58,77,3,High,2026-05-06,5.0,10,Yearly,39672,54,No
CUST0585,41.0,Male,Quetta,Standard,2487.0,4,79,0,Medium,2026-05-22,3.0,13,Quarterly,9948,38,No
CUST0586,18.0,Male,Multan,Basic,537.0,38,29,4,Medium,2026-06-08,1.0,9,Monthly,20406,21,No
CUST0587,24.0,Female,Peshawar,Basic,1120.0,3,47,3,Low,2026-04-22,3.0,2,Yearly,3360,68,No
CUST0588,22.0,Male,Multan,Standard,1695.0,1,12,10,Medium,2026-06-04,2.0,22,Quarterly,1695,25,Yes
CUST0589,38.0,Male,Quetta,Standard,1551.0,58,25,6,Medium,2026-05-11,5.0,3,Monthly,89958,49,Yes
CUST0590,59.0,Female,Quetta,Standard,2306.0,58,80,0,Low,2026-04-29,1.0,20,Quarterly,133748,61,Yes
CUST0591,26.0,Male,Karachi,Basic,608.0,6,35,6,Medium,2026-06-24,1.0,21,Yearly,3648,5,Yes
CUST0592,59.0,Male,Islamabad,Premium,5512.0,23,76,6,Low,2026-05-03,3.0,29,Yearly,126776,57,Yes
CUST0593,39.0,Male,Islamabad,Standard,2808.0,9,37,6,High,2026-06-06,5.0,13,Quarterly,25272,23,No
CUST0594,62.0,Female,Rawalpindi,Standard,2770.0,17,66,4,High,2026-06-07,4.0,17,Monthly,47090,22,No
CUST0595,50.0,Male,Peshawar,Standard,2220.0,30,32,9,Low,2026-06-19,3.0,13,Yearly,66600,10,No
CUST0596,64.0,Male,Quetta,Premium,3114.0,60,36,1,Medium,2026-06-01,1.0,9,Quarterly,186840,28,No
CUST0597,28.0,Male,Rawalpindi,Basic,1178.0,14,47,5,Medium,2026-06-14,3.0,21,Yearly,16492,15,No
CUST0598,45.0,Male,Karachi,Premium,5410.0,24,9,0,Low,2026-04-23,1.0,18,Quarterly,129840,67,Yes
CUST0599,27.0,Female,Rawalpindi,Standard,1674.0,40,65,1,Low,2026-06-16,2.0,18,Quarterly,66960,13,Yes
CUST0600,18.0,Female,Multan,Premium,3092.0,34,48,0,Medium,2026-05-31,5.0,28,Yearly,105128,29,No
CUST0601,56.0,Female,Karachi,Standard,2805.0,24,17,6,Medium,2026-06-03,,4,Quarterly,67320,26,No
CUST0602,20.0,Male,Faisalabad,Premium,4337.0,7,49,6,High,2026-04-28,5.0,0,Monthly,30359,62,No
CUST0603,34.0,Male,Multan,Basic,1036.0,43,3,4,Low,2026-06-13,3.0,25,Quarterly,44548,16,No
CUST0604,42.0,Male,Islamabad,Standard,2167.0,54,73,7,High,2026-04-04,1.0,28,Monthly,117018,86,Yes
CUST0605,33.0,Female,Peshawar,Premium,5546.0,41,51,5,Low,2026-04-12,1.0,6,Yearly,227386,78,Yes
CUST0606,46.0,Female,Peshawar,Basic,1158.0,19,66,8,Medium,2026-06-26,5.0,14,Yearly,22002,3,No
CUST0607,28.0,Male,Islamabad,Standard,2441.0,53,30,8,Medium,2026-05-12,2.0,18,Monthly,129373,48,Yes
CUST0608,19.0,Male,Multan,Standard,2033.0,32,6,8,High,2026-05-03,4.0,14,Monthly,65056,57,No
CUST0609,62.0,Female,Lahore,Standard,2333.0,18,77,5,Low,2026-04-23,4.0,28,Monthly,41994,67,Yes
CUST0610,36.0,Female,Quetta,Standard,1705.0,3,64,7,High,2026-04-28,3.0,22,Quarterly,5115,62,Yes
CUST0611,21.0,Female,Quetta,Standard,2342.0,59,30,10,Low,2026-05-11,2.0,29,Monthly,138178,49,Yes
CUST0612,26.0,Male,Rawalpindi,Standard,2170.0,28,61,7,Low,2026-06-21,1.0,3,Quarterly,60760,8,Yes
CUST0613,26.0,Male,Faisalabad,Basic,813.0,58,45,6,Medium,2026-04-09,2.0,19,Yearly,47154,81,Yes
CUST0614,52.0,Female,Karachi,Premium,4234.0,37,64,10,Low,2026-06-23,4.0,8,Quarterly,156658,6,No
CUST0615,46.0,Female,Lahore,Premium,5448.0,58,16,6,Medium,2026-04-26,3.0,20,Yearly,315984,64,Yes
CUST0616,43.0,Male,Peshawar,Basic,,36,62,9,High,2026-04-29,4.0,9,Yearly,35604,61,No
CUST0617,30.0,Male,Faisalabad,Basic,553.0,11,16,7,Medium,2026-05-20,3.0,24,Quarterly,6083,40,No
CUST0618,62.0,Female,Karachi,Standard,1885.0,59,76,9,Low,2026-04-11,4.0,10,Monthly,111215,79,Yes
CUST0619,33.0,Male,Multan,Premium,5561.0,17,50,2,High,2026-06-11,2.0,22,Yearly,94537,18,No
CUST0620,49.0,Female,Islamabad,Premium,3383.0,49,62,5,Low,2026-04-23,1.0,14,Monthly,165767,67,Yes
CUST0621,55.0,Male,Lahore,Premium,5108.0,3,1,4,Medium,2026-06-16,2.0,13,Yearly,15324,13,No
CUST0622,44.0,Female,Islamabad,Standard,2402.0,36,22,9,High,2026-04-11,5.0,14,Quarterly,86472,79,No
CUST0623,21.0,Female,Faisalabad,Premium,4814.0,32,70,7,High,2026-04-06,4.0,25,Monthly,154048,84,Yes
CUST0624,29.0,Male,Peshawar,Basic,1039.0,33,8,0,Medium,2026-06-07,5.0,30,Yearly,34287,22,No
CUST0625,23.0,Male,Islamabad,Basic,1107.0,21,35,4,Low,2026-05-14,4.0,23,Yearly,23247,46,No
CUST0626,65.0,Female,Rawalpindi,Premium,4240.0,6,56,10,Medium,2026-04-13,5.0,6,Quarterly,25440,77,Yes
CUST0627,55.0,Male,Faisalabad,Premium,5378.0,18,54,5,Medium,2026-06-17,3.0,19,Quarterly,96804,12,No
CUST0628,60.0,Female,Karachi,Premium,4114.0,31,61,9,Low,2026-05-25,3.0,12,Quarterly,127534,35,No
CUST0629,48.0,Female,Multan,Standard,2923.0,15,13,0,Medium,2026-04-15,3.0,19,Quarterly,43845,75,No
CUST0630,38.0,Male,Karachi,Premium,3949.0,51,75,4,Medium,2026-05-22,3.0,21,Yearly,201399,38,No
CUST0631,48.0,Female,Karachi,Premium,3919.0,14,49,3,Medium,2026-06-26,3.0,25,Monthly,54866,3,No
CUST0632,33.0,Female,Rawalpindi,Standard,2648.0,5,10,2,Medium,2026-04-29,1.0,3,Quarterly,13240,61,Yes
CUST0633,46.0,Female,Multan,Premium,5730.0,19,66,9,High,2026-06-04,,10,Monthly,108870,25,No
CUST0634,37.0,Female,Multan,Premium,5258.0,48,24,10,Low,2026-06-01,2.0,22,Monthly,252384,28,Yes
CUST0635,22.0,Male,Quetta,Basic,1400.0,59,51,4,Low,2026-06-25,4.0,17,Monthly,82600,4,No
CUST0636,59.0,Female,Quetta,Basic,1177.0,20,25,10,Medium,2026-06-11,3.0,28,Monthly,23540,18,Yes
CUST0637,44.0,Male,Faisalabad,Basic,1193.0,55,75,4,Medium,2026-04-03,4.0,4,Monthly,65615,87,No
CUST0638,58.0,Female,Faisalabad,Basic,1010.0,59,54,9,Medium,2026-04-26,3.0,0,Yearly,59590,64,No
CUST0639,24.0,Male,Lahore,Standard,1692.0,4,15,7,High,2026-04-04,4.0,21,Quarterly,6768,86,Yes
CUST0640,64.0,Male,Peshawar,Premium,3092.0,17,46,1,Low,2026-05-27,4.0,17,Yearly,52564,33,No
CUST0641,60.0,Male,Lahore,Basic,1279.0,15,40,5,Medium,2026-05-22,4.0,29,Monthly,19185,38,No
CUST0642,20.0,Male,Rawalpindi,Premium,3089.0,28,13,1,High,2026-04-24,5.0,16,Quarterly,86492,66,No
CUST0643,53.0,Male,Lahore,Premium,4610.0,54,72,7,Medium,2026-06-09,3.0,21,Monthly,248940,20,Yes
CUST0644,25.0,Female,Islamabad,Standard,1795.0,29,30,0,Low,2026-05-05,4.0,19,Monthly,52055,55,Yes
CUST0645,33.0,Female,Karachi,Premium,3829.0,46,7,10,Low,2026-04-03,3.0,20,Monthly,176134,87,Yes
CUST0646,41.0,Female,Multan,Standard,2430.0,9,51,3,Low,2026-04-09,5.0,9,Quarterly,21870,81,No
CUST0647,64.0,Male,Islamabad,Basic,1130.0,31,57,7,High,2026-06-09,5.0,29,Yearly,35030,20,No
CUST0648,56.0,Male,Islamabad,Standard,2791.0,53,49,0,Medium,2026-05-31,2.0,29,Yearly,147923,29,No
CUST0649,36.0,Male,Islamabad,Standard,2621.0,46,50,6,High,2026-05-26,4.0,25,Yearly,120566,34,No
CUST0650,37.0,Female,Rawalpindi,Basic,857.0,50,10,3,Low,2026-06-26,5.0,19,Monthly,42850,3,No
CUST0651,54.0,Male,Peshawar,Standard,2083.0,57,40,7,Medium,2026-04-26,3.0,13,Quarterly,118731,64,No
CUST0652,25.0,Male,Rawalpindi,Standard,2361.0,29,56,9,High,2026-05-24,4.0,16,Monthly,68469,36,No
CUST0653,30.0,Male,Faisalabad,Premium,3035.0,32,26,5,Low,2026-04-08,4.0,30,Yearly,97120,82,No
CUST0654,55.0,Female,Rawalpindi,Premium,5837.0,24,2,6,High,2026-05-14,3.0,27,Yearly,140088,46,No
CUST0655,49.0,Male,Peshawar,Standard,1691.0,5,10,7,High,2026-04-30,3.0,11,Monthly,8455,60,Yes
CUST0656,40.0,Male,Quetta,Standard,2588.0,17,57,6,Low,2026-05-04,2.0,20,Monthly,43996,56,Yes
CUST0657,51.0,Female,Karachi,Premium,5837.0,9,13,8,Low,2026-04-14,2.0,18,Quarterly,52533,76,Yes
CUST0658,57.0,Female,Islamabad,Standard,2922.0,17,15,6,High,2026-05-28,5.0,16,Quarterly,49674,32,No
CUST0659,26.0,Female,Islamabad,Standard,2159.0,40,77,8,Low,2026-05-22,,11,Monthly,86360,38,No
CUST0660,36.0,Male,Lahore,Standard,2850.0,60,48,1,Low,2026-04-01,4.0,26,Monthly,171000,89,Yes
CUST0661,49.0,Male,Peshawar,Premium,4932.0,40,6,2,Medium,2026-04-30,5.0,24,Yearly,197280,60,No
CUST0662,43.0,Female,Peshawar,Premium,4630.0,14,54,3,Medium,2026-04-18,4.0,6,Monthly,64820,72,No
CUST0663,42.0,Male,Faisalabad,Basic,1171.0,13,59,5,Medium,2026-04-23,4.0,20,Monthly,15223,67,Yes
CUST0664,45.0,Male,Islamabad,Premium,4260.0,3,80,5,Medium,2026-04-18,5.0,5,Quarterly,12780,72,No
CUST0665,25.0,Male,Faisalabad,Premium,5053.0,57,78,2,Medium,2026-05-01,2.0,2,Yearly,288021,59,No
CUST0666,29.0,Male,Lahore,Basic,1326.0,49,31,4,Low,2026-05-19,4.0,24,Quarterly,64974,41,No
CUST0667,48.0,Male,Quetta,Premium,5809.0,21,22,3,High,2026-05-18,5.0,12,Monthly,121989,42,No
CUST0668,37.0,Female,Islamabad,Basic,1216.0,52,54,3,Low,2026-06-14,1.0,0,Yearly,63232,15,No
CUST0669,30.0,Male,Lahore,Basic,1419.0,17,58,7,Medium,2026-06-06,2.0,26,Quarterly,24123,23,Yes
CUST0670,63.0,Female,Islamabad,Standard,1814.0,8,59,6,Low,2026-06-01,5.0,16,Yearly,14512,28,No
CUST0671,42.0,Female,Karachi,Basic,1386.0,16,2,5,Medium,2026-06-12,2.0,30,Quarterly,22176,17,Yes
CUST0672,47.0,Female,Karachi,Standard,1512.0,39,13,10,High,2026-06-08,5.0,29,Yearly,58968,21,No
CUST0673,65.0,Male,Quetta,Standard,2348.0,55,40,2,High,2026-04-17,4.0,14,Quarterly,129140,73,No
CUST0674,27.0,Male,Quetta,Premium,5526.0,44,53,6,Low,2026-05-27,4.0,29,Quarterly,243144,33,No
CUST0675,26.0,Male,Faisalabad,Basic,866.0,54,1,2,High,2026-04-10,3.0,1,Yearly,46764,80,No
CUST0676,26.0,Male,Rawalpindi,Premium,4806.0,32,12,0,High,2026-05-03,5.0,13,Monthly,153792,57,No
CUST0677,25.0,Male,Lahore,Basic,1166.0,8,62,0,Low,2026-05-18,3.0,7,Quarterly,9328,42,No
CUST0678,28.0,Female,Peshawar,Basic,1182.0,39,17,0,Low,2026-04-05,2.0,28,Monthly,46098,85,Yes
CUST0679,38.0,Female,Rawalpindi,Standard,2930.0,40,56,5,Low,2026-05-23,2.0,5,Quarterly,117200,37,No
CUST0680,62.0,Female,Faisalabad,Basic,1321.0,51,72,8,High,2026-06-18,1.0,2,Quarterly,67371,11,No
CUST0681,41.0,Male,Lahore,Basic,648.0,49,66,7,Low,2026-06-01,3.0,6,Yearly,31752,28,No
CUST0682,34.0,Male,Peshawar,Basic,646.0,6,56,5,Medium,2026-05-22,4.0,1,Quarterly,3876,38,No
CUST0683,54.0,Female,Multan,Basic,743.0,51,68,5,High,2026-05-17,2.0,16,Quarterly,37893,43,No
CUST0684,53.0,Male,Multan,Basic,768.0,58,52,9,Medium,2026-04-30,1.0,8,Yearly,44544,60,Yes
CUST0685,63.0,Female,Rawalpindi,Standard,2709.0,19,56,10,Medium,2026-05-18,,0,Yearly,51471,42,No
CUST0686,35.0,Female,Rawalpindi,Premium,5656.0,48,63,7,High,2026-05-22,2.0,3,Monthly,271488,38,Yes
CUST0687,61.0,Male,Lahore,Standard,1636.0,27,16,7,Low,2026-04-02,4.0,30,Monthly,44172,88,Yes
CUST0688,31.0,Female,Lahore,Standard,2036.0,45,34,2,Low,2026-04-17,2.0,23,Yearly,91620,73,Yes
CUST0689,43.0,Female,Faisalabad,Basic,1459.0,20,10,2,Low,2026-06-24,3.0,23,Yearly,29180,5,No
CUST0690,20.0,Male,Peshawar,Standard,2806.0,58,80,0,Low,2026-05-07,3.0,11,Monthly,162748,53,No
CUST0691,61.0,Female,Karachi,Basic,1186.0,26,34,6,Low,2026-06-17,2.0,19,Yearly,30836,12,Yes
CUST0692,40.0,Female,Multan,Standard,1586.0,4,48,6,High,2026-04-01,1.0,21,Monthly,6344,89,Yes
CUST0693,19.0,Male,Islamabad,Premium,3148.0,30,49,3,Medium,2026-05-22,5.0,29,Monthly,94440,38,No
CUST0694,32.0,Male,Peshawar,Premium,3249.0,58,52,8,Low,2026-06-24,5.0,23,Monthly,188442,5,Yes
CUST0695,23.0,Female,Faisalabad,Standard,2374.0,49,47,6,Medium,2026-06-11,4.0,26,Yearly,116326,18,No
CUST0696,38.0,Female,Multan,Standard,2238.0,28,23,2,Medium,2026-04-01,2.0,9,Monthly,62664,89,Yes
CUST0697,25.0,Male,Rawalpindi,Basic,702.0,55,61,4,High,2026-05-07,2.0,12,Monthly,38610,53,Yes
CUST0698,54.0,Male,Karachi,Basic,942.0,56,69,8,Medium,2026-06-27,3.0,15,Quarterly,52752,2,No
CUST0699,18.0,Female,Peshawar,Basic,1199.0,40,51,10,High,2026-04-14,4.0,11,Quarterly,47960,76,No
CUST0700,56.0,Male,Quetta,Standard,2216.0,26,72,5,Medium,2026-04-17,4.0,25,Quarterly,57616,73,No
CUST0701,56.0,Male,Karachi,Basic,1197.0,31,56,1,High,2026-04-14,4.0,24,Quarterly,37107,76,No
CUST0702,18.0,Male,Rawalpindi,Standard,1777.0,55,40,4,Low,2026-04-27,1.0,0,Monthly,97735,63,Yes
CUST0703,59.0,Male,Multan,Standard,2949.0,54,21,0,High,2026-04-10,3.0,12,Monthly,159246,80,No
CUST0704,25.0,Female,Faisalabad,Basic,1284.0,47,17,5,Low,2026-06-12,2.0,12,Quarterly,60348,17,No
CUST0705,55.0,Female,Rawalpindi,Basic,995.0,17,78,5,Medium,2026-06-15,3.0,13,Monthly,16915,14,No
CUST0706,64.0,Male,Karachi,Basic,944.0,8,15,5,Low,2026-06-16,5.0,26,Monthly,7552,13,No
CUST0707,48.0,Male,Rawalpindi,Standard,2515.0,53,35,5,Medium,2026-05-02,5.0,21,Yearly,133295,58,No
CUST0708,40.0,Male,Faisalabad,Basic,1429.0,25,26,4,Low,2026-06-23,2.0,19,Monthly,35725,6,Yes
CUST0709,23.0,Male,Quetta,Basic,947.0,59,18,3,Low,2026-06-15,1.0,24,Quarterly,55873,14,Yes
CUST0710,31.0,Male,Lahore,Standard,2402.0,13,44,6,Low,2026-05-25,3.0,30,Monthly,31226,35,Yes
CUST0711,34.0,Female,Peshawar,Standard,1621.0,35,48,7,Low,2026-06-12,5.0,28,Quarterly,56735,17,Yes
CUST0712,24.0,Female,Islamabad,Standard,2573.0,43,65,2,Low,2026-04-20,4.0,12,Monthly,110639,70,No
CUST0713,31.0,Female,Faisalabad,Standard,2379.0,37,79,3,Low,2026-06-13,3.0,15,Monthly,88023,16,No
CUST0714,21.0,Male,Faisalabad,Standard,2357.0,45,28,1,Medium,2026-06-21,3.0,21,Yearly,106065,8,No
CUST0715,41.0,Female,Lahore,Basic,670.0,15,31,8,Medium,2026-06-21,5.0,1,Quarterly,10050,8,No
CUST0716,24.0,Male,Peshawar,Basic,1375.0,56,57,2,High,2026-06-11,2.0,5,Yearly,77000,18,No
CUST0717,22.0,Male,Lahore,Standard,2232.0,53,39,1,High,2026-05-15,3.0,29,Quarterly,118296,45,No
CUST0718,40.0,Female,Quetta,Standard,1849.0,5,6,7,High,2026-06-25,2.0,28,Yearly,9245,4,Yes
CUST0719,46.0,Female,Peshawar,Standard,1505.0,23,32,9,Low,2026-05-20,2.0,14,Monthly,34615,40,Yes
CUST0720,49.0,Female,Rawalpindi,Basic,1240.0,9,74,3,Medium,2026-04-23,3.0,30,Monthly,11160,67,Yes
CUST0721,59.0,Female,Multan,Premium,3810.0,11,17,3,Low,2026-05-19,4.0,16,Monthly,41910,41,No
CUST0722,36.0,Male,Rawalpindi,Premium,5463.0,5,70,2,Low,2026-06-07,1.0,19,Quarterly,27315,22,Yes
CUST0723,65.0,Male,Rawalpindi,Premium,3778.0,55,77,10,Medium,2026-06-20,,2,Quarterly,207790,9,Yes
CUST0724,29.0,Male,Islamabad,Basic,769.0,23,18,0,High,2026-04-17,3.0,8,Quarterly,17687,73,No
CUST0725,40.0,Female,Lahore,Premium,4106.0,10,47,4,High,2026-05-30,4.0,22,Quarterly,41060,30,No
CUST0726,42.0,Male,Rawalpindi,Standard,2760.0,28,25,9,High,2026-05-02,2.0,24,Quarterly,77280,58,Yes
CUST0727,47.0,Male,Quetta,Basic,1138.0,55,41,8,Low,2026-05-12,3.0,19,Monthly,62590,48,Yes
CUST0728,51.0,Male,Rawalpindi,Basic,598.0,10,75,10,High,2026-04-04,5.0,20,Quarterly,5980,86,Yes
CUST0729,62.0,Male,Multan,Premium,5550.0,7,64,1,Low,2026-05-18,4.0,24,Monthly,38850,42,No
CUST0730,35.0,Female,Islamabad,Standard,2518.0,54,75,0,Low,2026-05-01,3.0,17,Monthly,135972,59,Yes
CUST0731,43.0,Male,Islamabad,Basic,761.0,16,57,10,High,2026-04-30,2.0,11,Quarterly,12176,60,Yes
CUST0732,30.0,Male,Multan,Premium,4781.0,4,2,9,High,2026-06-02,3.0,26,Quarterly,19124,27,Yes
CUST0733,32.0,Male,Multan,Standard,2786.0,8,63,6,Medium,2026-06-16,4.0,11,Monthly,22288,13,No
CUST0734,60.0,Male,Peshawar,Premium,4086.0,17,36,4,Medium,2026-04-10,5.0,25,Yearly,69462,80,No
CUST0735,,Female,Islamabad,Premium,3629.0,28,47,4,High,2026-05-08,2.0,6,Yearly,101612,52,No
CUST0736,54.0,Female,Rawalpindi,Premium,3194.0,29,15,3,High,2026-04-13,4.0,18,Monthly,92626,77,No
CUST0737,59.0,Female,Faisalabad,Premium,3063.0,21,37,10,High,2026-06-09,4.0,28,Quarterly,64323,20,No
CUST0738,42.0,Male,Islamabad,Premium,3830.0,6,36,1,Low,2026-05-06,2.0,4,Yearly,22980,54,Yes
CUST0739,53.0,Female,Lahore,Basic,544.0,30,19,6,High,2026-05-17,2.0,12,Quarterly,16320,43,No
CUST0740,46.0,Male,Karachi,Standard,2033.0,36,52,3,Low,2026-06-10,4.0,8,Quarterly,73188,19,No
CUST0741,55.0,Male,Rawalpindi,Standard,2639.0,6,79,8,Medium,2026-05-28,4.0,8,Monthly,15834,32,Yes
CUST0742,21.0,Male,Multan,Standard,2415.0,50,75,4,Low,2026-05-16,2.0,3,Quarterly,120750,44,No
CUST0743,51.0,Male,Rawalpindi,Premium,4833.0,13,9,9,Low,2026-05-29,4.0,18,Quarterly,62829,31,No
CUST0744,52.0,Female,Karachi,Premium,4876.0,57,61,2,Low,2026-05-01,5.0,1,Monthly,277932,59,No
CUST0745,27.0,Female,Quetta,Premium,5241.0,2,60,7,Medium,2026-06-13,1.0,15,Monthly,10482,16,Yes
CUST0746,63.0,Female,Quetta,Standard,1744.0,39,31,10,Medium,2026-04-05,1.0,10,Yearly,68016,85,Yes
CUST0747,21.0,Female,Karachi,Standard,2933.0,7,50,0,High,2026-04-25,1.0,10,Yearly,20531,65,No
CUST0748,64.0,Male,Islamabad,Standard,2704.0,28,71,1,Low,2026-06-25,2.0,23,Monthly,75712,4,Yes
CUST0749,61.0,Female,Lahore,Standard,1909.0,19,75,7,Medium,2026-04-15,2.0,10,Monthly,36271,75,Yes
CUST0750,62.0,Male,Multan,Basic,511.0,3,67,9,Medium,2026-05-06,3.0,16,Monthly,1533,54,Yes
CUST0751,19.0,Male,Karachi,Standard,2155.0,49,2,5,High,2026-06-01,4.0,5,Yearly,105595,28,No
CUST0752,42.0,Female,Lahore,Standard,2904.0,32,10,9,High,2026-05-18,1.0,12,Monthly,92928,42,Yes
CUST0753,64.0,Female,Islamabad,Basic,745.0,37,80,5,Low,2026-06-02,1.0,19,Quarterly,27565,27,Yes
CUST0754,58.0,Male,Rawalpindi,Standard,1661.0,16,32,9,High,2026-06-17,1.0,1,Yearly,26576,12,No
CUST0755,57.0,Female,Faisalabad,Standard,2087.0,9,73,9,Low,2026-05-12,1.0,1,Monthly,18783,48,Yes
CUST0756,37.0,Male,Peshawar,Premium,3059.0,39,66,0,High,2026-05-24,3.0,27,Quarterly,119301,36,No
CUST0757,41.0,Male,Lahore,Standard,2422.0,54,2,8,Low,2026-06-14,2.0,28,Quarterly,130788,15,Yes
CUST0758,29.0,Male,Faisalabad,Premium,5172.0,37,24,4,High,2026-04-12,2.0,13,Yearly,191364,78,No
CUST0759,54.0,Female,Rawalpindi,Basic,1227.0,18,14,1,Low,2026-06-07,,11,Monthly,22086,22,Yes
CUST0760,23.0,Male,Faisalabad,Basic,1184.0,36,36,5,Medium,2026-05-04,5.0,3,Monthly,42624,56,No
CUST0761,42.0,Female,Peshawar,Standard,2440.0,32,36,3,Medium,2026-04-23,2.0,5,Yearly,78080,67,No
CUST0762,40.0,Female,Karachi,Premium,3122.0,32,16,10,High,2026-06-08,5.0,3,Quarterly,99904,21,No
CUST0763,57.0,Male,Multan,Standard,2985.0,51,78,5,Medium,2026-04-09,4.0,15,Monthly,152235,81,No
CUST0764,62.0,Female,Lahore,Standard,2665.0,23,61,6,Medium,2026-05-19,4.0,16,Quarterly,61295,41,No
CUST0765,64.0,Female,Rawalpindi,Standard,2109.0,44,5,10,High,2026-04-12,4.0,22,Monthly,92796,78,Yes
CUST0766,32.0,Male,Karachi,Basic,,43,31,2,High,2026-04-07,1.0,27,Quarterly,58652,83,Yes
CUST0767,63.0,Female,Rawalpindi,Premium,5237.0,54,32,7,Low,2026-04-06,5.0,26,Quarterly,282798,84,Yes
CUST0768,52.0,Female,Quetta,Premium,3325.0,5,25,5,Low,2026-04-21,2.0,12,Quarterly,16625,69,Yes
CUST0769,44.0,Female,Karachi,Standard,1571.0,25,1,3,High,2026-04-15,4.0,22,Monthly,39275,75,No
CUST0770,56.0,Male,Karachi,Standard,2065.0,47,75,5,Low,2026-06-09,2.0,15,Monthly,97055,20,Yes
CUST0771,63.0,Male,Rawalpindi,Basic,692.0,3,58,4,Low,2026-04-24,1.0,16,Quarterly,2076,66,Yes
CUST0772,46.0,Male,Peshawar,Basic,825.0,20,8,2,High,2026-04-30,1.0,2,Monthly,16500,60,Yes
CUST0773,52.0,Female,Multan,Premium,4498.0,5,76,3,Low,2026-04-17,5.0,19,Monthly,22490,73,Yes
CUST0774,56.0,Female,Peshawar,Premium,3242.0,4,19,5,Medium,2026-05-17,3.0,12,Quarterly,12968,43,No
CUST0775,30.0,Female,Lahore,Premium,5235.0,13,57,5,High,2026-05-07,4.0,19,Yearly,68055,53,No
CUST0776,62.0,Female,Karachi,Standard,2566.0,22,72,3,Low,2026-06-03,2.0,25,Monthly,56452,26,Yes
CUST0777,40.0,Male,Karachi,Premium,3923.0,43,9,3,Low,2026-05-21,3.0,15,Quarterly,168689,39,No
CUST0778,29.0,Female,Peshawar,Standard,1938.0,15,78,10,Medium,2026-06-02,2.0,9,Yearly,29070,27,No
CUST0779,28.0,Female,Quetta,Basic,1109.0,38,43,2,Low,2026-05-18,4.0,5,Quarterly,42142,42,No
CUST0780,45.0,Female,Islamabad,Premium,4255.0,1,72,10,High,2026-05-13,4.0,21,Yearly,4255,47,Yes
CUST0781,24.0,Female,Lahore,Standard,1858.0,11,61,3,Medium,2026-06-03,1.0,11,Yearly,20438,26,No
CUST0782,55.0,Male,Lahore,Premium,5699.0,46,43,2,Medium,2026-05-14,5.0,4,Quarterly,262154,46,No
CUST0783,41.0,Female,Lahore,Standard,2792.0,16,54,8,Medium,2026-06-25,4.0,21,Quarterly,44672,4,No
CUST0784,28.0,Female,Quetta,Premium,5352.0,32,7,9,High,2026-05-06,3.0,27,Monthly,171264,54,Yes
CUST0785,58.0,Male,Islamabad,Standard,1928.0,23,23,1,High,2026-05-03,4.0,10,Quarterly,44344,57,No
CUST0786,43.0,Female,Faisalabad,Premium,4077.0,25,29,2,Medium,2026-06-15,1.0,3,Yearly,101925,14,No
CUST0787,31.0,Male,Rawalpindi,Standard,2297.0,35,17,2,Low,2026-05-15,4.0,28,Quarterly,80395,45,No
CUST0788,32.0,Female,Multan,Basic,716.0,46,51,5,High,2026-05-13,2.0,26,Monthly,32936,47,Yes
CUST0789,55.0,Male,Faisalabad,Premium,5264.0,23,7,5,High,2026-05-19,1.0,17,Quarterly,121072,41,No
CUST0790,27.0,Male,Lahore,Basic,940.0,10,7,1,Low,2026-05-27,3.0,19,Monthly,9400,33,No
CUST0791,18.0,Male,Rawalpindi,Basic,1448.0,44,60,1,Medium,2026-06-25,4.0,16,Monthly,63712,4,No
CUST0792,60.0,Female,Rawalpindi,Standard,2229.0,54,4,0,Medium,2026-04-29,2.0,8,Quarterly,120366,61,Yes
CUST0793,52.0,Female,Karachi,Premium,3919.0,8,36,1,Low,2026-05-17,4.0,26,Monthly,31352,43,No
CUST0794,44.0,Female,Quetta,Premium,4869.0,32,18,2,Medium,2026-05-29,3.0,26,Monthly,155808,31,No
CUST0795,21.0,Female,Multan,Standard,1803.0,37,46,9,Low,2026-05-30,1.0,3,Quarterly,66711,30,Yes
CUST0796,47.0,Male,Faisalabad,Basic,702.0,22,66,3,Medium,2026-05-07,2.0,25,Monthly,15444,53,Yes
CUST0797,24.0,Male,Rawalpindi,Basic,882.0,1,58,9,High,2026-06-23,2.0,12,Monthly,882,6,Yes
CUST0798,23.0,Male,Faisalabad,Premium,4735.0,44,24,5,Medium,2026-06-11,3.0,4,Yearly,208340,18,No
CUST0799,48.0,Male,Lahore,Standard,1532.0,37,74,4,Low,2026-06-02,,21,Yearly,56684,27,No
CUST0800,,Male,Lahore,Basic,745.0,9,21,6,Medium,2026-04-28,5.0,0,Yearly,6705,62,No
CUST0801,32.0,Female,Faisalabad,Standard,1671.0,2,54,1,Medium,2026-05-17,3.0,6,Quarterly,3342,43,No
CUST0802,35.0,Female,Faisalabad,Basic,921.0,44,37,9,Medium,2026-05-01,1.0,11,Quarterly,40524,59,Yes
CUST0803,48.0,Female,Karachi,Basic,1022.0,58,68,10,High,2026-04-02,2.0,3,Yearly,59276,88,Yes
CUST0804,39.0,Female,Faisalabad,Standard,2695.0,2,6,9,High,2026-05-03,1.0,22,Monthly,5390,57,Yes
CUST0805,38.0,Female,Karachi,Standard,1643.0,55,14,6,Medium,2026-05-09,,27,Yearly,90365,51,Yes
CUST0806,26.0,Female,Faisalabad,Standard,1928.0,58,22,4,High,2026-05-07,5.0,9,Yearly,111824,53,No
CUST0807,49.0,Female,Rawalpindi,Basic,829.0,59,39,9,High,2026-06-26,5.0,26,Monthly,48911,3,No
CUST0808,36.0,Male,Peshawar,Premium,5395.0,10,29,2,Medium,2026-05-22,4.0,14,Yearly,53950,38,No
CUST0809,30.0,Male,Lahore,Premium,3903.0,29,8,6,Medium,2026-05-13,2.0,19,Quarterly,113187,47,Yes
CUST0810,21.0,Female,Peshawar,Standard,2096.0,51,67,7,Medium,2026-06-20,5.0,2,Yearly,106896,9,No
CUST0811,31.0,Male,Rawalpindi,Standard,2516.0,13,71,6,High,2026-06-07,2.0,8,Yearly,32708,22,No
CUST0812,41.0,Male,Quetta,Premium,5020.0,49,44,0,Medium,2026-04-10,2.0,10,Yearly,245980,80,No
CUST0813,63.0,Female,Islamabad,Premium,5999.0,8,50,8,High,2026-06-03,1.0,27,Monthly,47992,26,Yes
CUST0814,63.0,Female,Karachi,Standard,2436.0,48,36,8,Low,2026-04-21,3.0,5,Yearly,116928,69,No
CUST0815,60.0,Female,Islamabad,Premium,4553.0,25,62,10,Medium,2026-05-01,4.0,17,Yearly,113825,59,No
CUST0816,45.0,Male,Rawalpindi,Standard,2579.0,51,27,8,Low,2026-04-22,4.0,27,Yearly,131529,68,Yes
CUST0817,63.0,Female,Peshawar,Standard,2493.0,57,67,9,Medium,2026-04-21,5.0,12,Quarterly,142101,69,No
CUST0818,42.0,Female,Quetta,Basic,617.0,20,66,9,Medium,2026-05-13,5.0,17,Monthly,12340,47,Yes
CUST0819,29.0,Male,Quetta,Basic,1472.0,47,55,10,High,2026-05-07,3.0,2,Monthly,69184,53,No
CUST0820,43.0,Female,Faisalabad,Standard,2537.0,46,45,7,Low,2026-05-09,1.0,0,Monthly,116702,51,Yes
CUST0821,60.0,Male,Rawalpindi,Standard,2225.0,55,23,7,Medium,2026-04-14,3.0,17,Yearly,122375,76,Yes
CUST0822,45.0,Female,Islamabad,Standard,2198.0,28,33,2,High,2026-05-08,4.0,26,Monthly,61544,52,No
CUST0823,54.0,Male,Quetta,Standard,1626.0,26,40,5,High,2026-04-03,,29,Monthly,42276,87,No
CUST0824,39.0,Female,Lahore,Basic,1039.0,16,35,7,Medium,2026-04-04,4.0,22,Quarterly,16624,86,Yes
CUST0825,38.0,Male,Islamabad,Premium,4767.0,26,25,8,Low,2026-06-06,1.0,5,Quarterly,123942,23,Yes
CUST0826,40.0,Male,Islamabad,Premium,3918.0,43,30,10,Medium,2026-04-11,2.0,22,Yearly,168474,79,Yes
CUST0827,50.0,Female,Peshawar,Standard,1812.0,21,23,10,Medium,2026-04-08,5.0,11,Quarterly,38052,82,No
CUST0828,41.0,Male,Lahore,Premium,4326.0,51,40,2,Low,2026-05-10,2.0,6,Yearly,220626,50,Yes
CUST0829,65.0,Female,Lahore,Standard,1846.0,20,6,10,High,2026-05-03,1.0,20,Monthly,36920,57,Yes
CUST0830,48.0,Male,Lahore,Premium,3295.0,21,45,0,High,2026-06-12,4.0,4,Monthly,69195,17,No
CUST0831,45.0,Male,Multan,Standard,1557.0,41,41,5,Low,2026-05-22,3.0,24,Monthly,63837,38,No
CUST0832,23.0,Female,Faisalabad,Basic,574.0,45,14,1,Low,2026-06-05,3.0,22,Monthly,25830,24,No
CUST0833,36.0,Female,Faisalabad,Standard,2764.0,18,35,0,High,2026-05-15,4.0,24,Yearly,49752,45,No
CUST0834,60.0,Female,Peshawar,Premium,3344.0,34,16,1,Low,2026-06-06,5.0,18,Quarterly,113696,23,No
CUST0835,36.0,Female,Multan,Basic,1027.0,25,54,2,Low,2026-05-18,1.0,0,Quarterly,25675,42,No
CUST0836,36.0,Male,Rawalpindi,Basic,1429.0,33,80,7,High,2026-04-01,2.0,1,Monthly,47157,89,Yes
CUST0837,62.0,Male,Lahore,Premium,5068.0,6,70,8,High,2026-05-29,3.0,6,Monthly,30408,31,No
CUST0838,59.0,Male,Multan,Premium,5589.0,10,18,7,High,2026-04-17,4.0,28,Monthly,55890,73,Yes
CUST0839,48.0,Female,Faisalabad,Premium,3515.0,15,63,7,High,2026-06-20,1.0,12,Monthly,52725,9,Yes
CUST0840,43.0,Male,Karachi,Premium,3271.0,4,15,2,Low,2026-04-21,1.0,19,Monthly,13084,69,Yes
CUST0841,22.0,Male,Peshawar,Standard,1578.0,20,18,1,Medium,2026-06-25,5.0,12,Monthly,31560,4,No
CUST0842,59.0,Female,Quetta,Premium,4118.0,45,8,2,Low,2026-06-18,1.0,29,Monthly,185310,11,Yes
CUST0843,52.0,Male,Faisalabad,Standard,2821.0,37,13,3,High,2026-05-23,5.0,11,Monthly,104377,37,No
CUST0844,27.0,Female,Islamabad,Standard,1572.0,60,52,6,Low,2026-05-04,2.0,21,Yearly,94320,56,Yes
CUST0845,40.0,Male,Faisalabad,Basic,1307.0,39,64,6,Low,2026-05-31,5.0,22,Quarterly,50973,29,Yes
CUST0846,31.0,Male,Rawalpindi,Standard,1678.0,26,69,6,High,2026-05-10,1.0,30,Monthly,43628,50,Yes
CUST0847,37.0,Female,Peshawar,Standard,2706.0,44,2,8,Low,2026-04-20,5.0,25,Monthly,119064,70,Yes
CUST0848,20.0,Female,Rawalpindi,Premium,3593.0,58,75,5,Medium,2026-04-07,4.0,4,Quarterly,208394,83,No
CUST0849,39.0,Male,Lahore,Basic,1455.0,59,62,7,High,2026-06-14,1.0,3,Monthly,85845,15,Yes
CUST0850,42.0,Male,Quetta,Basic,1450.0,44,35,6,Low,2026-06-22,1.0,18,Yearly,63800,7,Yes
CUST0851,,Male,Karachi,Standard,1804.0,19,16,5,High,2026-04-08,3.0,7,Monthly,34276,82,No
CUST0852,45.0,Female,Faisalabad,Standard,2094.0,16,42,0,Medium,2026-06-22,5.0,12,Monthly,33504,7,No
CUST0853,44.0,Male,Islamabad,Basic,1045.0,10,36,8,Medium,2026-06-23,2.0,22,Quarterly,10450,6,Yes
CUST0854,46.0,Female,Peshawar,Premium,4462.0,25,46,7,Low,2026-06-01,3.0,25,Monthly,111550,28,Yes
CUST0855,20.0,Male,Lahore,Basic,665.0,11,61,2,High,2026-06-08,2.0,15,Yearly,7315,21,No
CUST0856,56.0,Male,Multan,Standard,2326.0,30,72,2,Medium,2026-04-04,4.0,15,Yearly,69780,86,No
CUST0857,24.0,Female,Karachi,Standard,2168.0,9,63,7,Medium,2026-06-26,4.0,2,Monthly,19512,3,No
CUST0858,62.0,Male,Peshawar,Standard,1782.0,40,1,10,Medium,2026-05-19,4.0,22,Quarterly,71280,41,No
CUST0859,28.0,Female,Quetta,Standard,,42,63,3,High,2026-05-01,5.0,8,Monthly,91938,59,No
CUST0860,34.0,Male,Islamabad,Premium,4412.0,35,48,2,High,2026-04-28,4.0,14,Monthly,154420,62,No
CUST0861,52.0,Male,Karachi,Standard,2793.0,52,63,0,High,2026-06-06,4.0,23,Quarterly,145236,23,No
CUST0862,,Female,Islamabad,Premium,3717.0,50,79,5,Medium,2026-05-10,3.0,14,Quarterly,185850,50,No
CUST0863,53.0,Male,Islamabad,Standard,1886.0,55,62,8,Medium,2026-04-29,2.0,23,Monthly,103730,61,Yes
CUST0864,49.0,Female,Quetta,Basic,1383.0,30,13,0,Low,2026-04-11,2.0,29,Quarterly,41490,79,Yes
CUST0865,61.0,Female,Lahore,Premium,3888.0,14,71,6,High,2026-05-22,5.0,24,Yearly,54432,38,No
CUST0866,31.0,Male,Multan,Premium,5357.0,8,2,0,High,2026-04-01,5.0,13,Yearly,42856,89,No
CUST0867,47.0,Male,Peshawar,Premium,3339.0,29,61,4,High,2026-06-13,3.0,4,Monthly,96831,16,No
CUST0868,60.0,Female,Multan,Premium,3847.0,17,58,6,High,2026-04-05,2.0,3,Yearly,65399,85,Yes
CUST0869,56.0,Female,Islamabad,Premium,3861.0,34,6,0,High,2026-04-21,1.0,4,Monthly,131274,69,Yes
CUST0870,37.0,Male,Islamabad,Premium,5866.0,16,37,7,Medium,2026-05-18,1.0,4,Quarterly,93856,42,Yes
CUST0871,19.0,Male,Karachi,Standard,2111.0,9,64,5,Medium,2026-05-31,2.0,22,Monthly,18999,29,Yes
CUST0872,55.0,Female,Faisalabad,Basic,1377.0,59,18,6,High,2026-06-28,1.0,30,Monthly,81243,1,Yes
CUST0873,41.0,Female,Peshawar,Basic,759.0,4,27,10,Low,2026-06-01,3.0,0,Quarterly,3036,28,Yes
CUST0874,59.0,Female,Quetta,Basic,938.0,41,60,5,Medium,2026-04-02,2.0,22,Quarterly,38458,88,Yes
CUST0875,30.0,Female,Karachi,Standard,2541.0,56,54,0,High,2026-05-21,5.0,10,Yearly,142296,39,No
CUST0876,59.0,Male,Karachi,Standard,2602.0,17,18,6,Medium,2026-05-02,3.0,29,Monthly,44234,58,Yes
CUST0877,21.0,Male,Karachi,Premium,5118.0,3,18,9,High,2026-04-22,2.0,0,Yearly,15354,68,Yes
CUST0878,63.0,Female,Rawalpindi,Premium,3051.0,49,29,4,High,2026-06-20,2.0,13,Quarterly,149499,9,No
CUST0879,64.0,Female,Multan,Basic,797.0,12,51,7,Low,2026-06-09,3.0,5,Quarterly,9564,20,No
CUST0880,41.0,Female,Quetta,Premium,3839.0,27,65,5,High,2026-06-05,1.0,16,Quarterly,103653,24,No
CUST0881,64.0,Female,Karachi,Basic,582.0,7,63,8,High,2026-04-28,4.0,2,Monthly,4074,62,No
CUST0882,47.0,Male,Multan,Standard,1958.0,29,29,2,High,2026-04-25,1.0,9,Quarterly,56782,65,No
CUST0883,,Female,Karachi,Basic,611.0,30,18,6,Low,2026-05-22,2.0,16,Quarterly,18330,38,Yes
CUST0884,31.0,Male,Peshawar,Basic,1484.0,23,79,7,Medium,2026-06-10,3.0,23,Yearly,34132,19,No
CUST0885,61.0,Male,Rawalpindi,Basic,1302.0,34,1,3,Medium,2026-04-20,5.0,28,Monthly,44268,70,Yes
CUST0886,54.0,Female,Rawalpindi,Premium,3178.0,1,1,10,Medium,2026-06-13,5.0,20,Monthly,3178,16,Yes
CUST0887,61.0,Female,Lahore,Premium,3060.0,59,54,7,High,2026-04-25,,15,Yearly,180540,65,Yes
CUST0888,53.0,Male,Quetta,Standard,1670.0,10,17,8,High,2026-06-22,3.0,22,Yearly,16700,7,No
CUST0889,61.0,Male,Quetta,Basic,826.0,53,79,1,High,2026-04-12,5.0,3,Yearly,43778,78,No
CUST0890,31.0,Male,Peshawar,Premium,3326.0,16,19,1,Medium,2026-04-09,2.0,17,Yearly,53216,81,Yes
CUST0891,54.0,Male,Islamabad,Premium,4861.0,12,22,8,Low,2026-05-06,4.0,0,Monthly,58332,54,Yes
CUST0892,,Female,Multan,Premium,4221.0,53,18,5,Medium,2026-06-06,5.0,0,Quarterly,223713,23,No
CUST0893,40.0,Male,Faisalabad,Standard,1960.0,26,7,10,Medium,2026-04-11,2.0,0,Quarterly,50960,79,Yes
CUST0894,53.0,Female,Islamabad,Basic,1066.0,45,64,10,Medium,2026-04-29,1.0,4,Yearly,47970,61,Yes
CUST0895,19.0,Female,Multan,Premium,4913.0,55,80,6,High,2026-05-25,5.0,25,Yearly,270215,35,No
CUST0896,32.0,Male,Rawalpindi,Basic,1354.0,3,29,1,High,2026-05-19,1.0,8,Yearly,4062,41,No
CUST0897,,Female,Multan,Premium,5562.0,7,58,1,Low,2026-06-28,3.0,6,Yearly,38934,1,No
CUST0898,31.0,Male,Multan,Premium,4759.0,52,6,6,Low,2026-03-31,2.0,6,Quarterly,247468,90,Yes
CUST0899,51.0,Female,Peshawar,Premium,4763.0,30,21,0,High,2026-04-27,1.0,9,Yearly,142890,63,No
CUST0900,64.0,Female,Peshawar,Basic,1318.0,42,64,7,High,2026-04-28,1.0,14,Monthly,55356,62,Yes
CUST0901,44.0,Male,Peshawar,Basic,1220.0,28,64,10,Low,2026-06-27,2.0,25,Yearly,34160,2,Yes
CUST0902,53.0,Male,Rawalpindi,Standard,2722.0,50,13,8,Low,2026-04-27,4.0,21,Quarterly,136100,63,Yes
CUST0903,43.0,Female,Islamabad,Basic,1214.0,33,74,8,High,2026-05-17,5.0,15,Quarterly,40062,43,No
CUST0904,55.0,Male,Lahore,Standard,1928.0,41,40,7,Medium,2026-04-02,1.0,16,Monthly,79048,88,Yes
CUST0905,54.0,Male,Peshawar,Basic,629.0,57,62,7,High,2026-04-09,1.0,3,Yearly,35853,81,Yes
CUST0906,34.0,Female,Lahore,Standard,2317.0,53,40,9,Medium,2026-06-08,3.0,20,Quarterly,122801,21,No
CUST0907,35.0,Female,Lahore,Basic,1424.0,55,24,9,High,2026-06-11,5.0,16,Quarterly,78320,18,No
CUST0908,59.0,Male,Quetta,Basic,1223.0,48,45,1,High,2026-06-15,1.0,8,Yearly,58704,14,No
CUST0909,46.0,Female,Rawalpindi,Premium,5179.0,31,20,7,Low,2026-06-20,3.0,11,Quarterly,160549,9,No
CUST0910,30.0,Female,Islamabad,Premium,3154.0,15,15,4,Low,2026-05-08,3.0,25,Monthly,47310,52,Yes
CUST0911,43.0,Male,Karachi,Standard,2677.0,25,26,0,Low,2026-06-26,2.0,20,Quarterly,66925,3,Yes
CUST0912,19.0,Female,Faisalabad,Basic,1309.0,33,19,0,Low,2026-04-14,4.0,0,Yearly,43197,76,No
CUST0913,20.0,Female,Lahore,Standard,2572.0,43,55,9,Medium,2026-05-08,3.0,7,Yearly,110596,52,No
CUST0914,53.0,Male,Lahore,Basic,1129.0,53,7,3,Medium,2026-04-28,,21,Yearly,59837,62,No
CUST0915,18.0,Male,Faisalabad,Standard,2789.0,49,80,9,High,2026-06-23,5.0,6,Yearly,136661,6,No
CUST0916,33.0,Female,Karachi,Premium,,20,71,8,Medium,2026-03-31,3.0,25,Yearly,87180,90,Yes
CUST0917,31.0,Male,Islamabad,Premium,3537.0,7,45,3,Low,2026-04-22,3.0,19,Yearly,24759,68,No
CUST0918,43.0,Male,Peshawar,Premium,4537.0,11,14,0,High,2026-05-16,4.0,25,Quarterly,49907,44,No
CUST0919,50.0,Male,Multan,Basic,1089.0,13,26,4,Low,2026-05-20,4.0,15,Yearly,14157,40,No
CUST0920,19.0,Female,Multan,Standard,2980.0,42,79,6,Medium,2026-05-12,1.0,29,Monthly,125160,48,Yes
CUST0921,19.0,Female,Lahore,Basic,775.0,20,59,2,High,2026-04-24,4.0,7,Quarterly,15500,66,No
CUST0922,53.0,Female,Rawalpindi,Premium,5831.0,14,34,5,High,2026-06-07,5.0,3,Yearly,81634,22,No
CUST0923,35.0,Male,Lahore,Premium,3179.0,12,51,7,Medium,2026-04-06,3.0,5,Quarterly,38148,84,No
CUST0924,44.0,Male,Peshawar,Standard,2118.0,53,48,6,High,2026-06-18,3.0,4,Yearly,112254,11,No
CUST0925,32.0,Female,Lahore,Premium,3377.0,3,69,6,Medium,2026-06-20,5.0,4,Yearly,10131,9,No
CUST0926,32.0,Female,Quetta,Basic,592.0,3,70,0,Medium,2026-04-18,2.0,20,Yearly,1776,72,Yes
CUST0927,38.0,Male,Multan,Premium,3421.0,57,72,9,Low,2026-06-15,5.0,2,Monthly,194997,14,No
CUST0928,31.0,Male,Lahore,Premium,4829.0,10,34,8,Low,2026-06-12,2.0,25,Monthly,48290,17,Yes
CUST0929,34.0,Male,Peshawar,Basic,1457.0,3,1,6,Low,2026-06-16,4.0,9,Yearly,4371,13,No
CUST0930,51.0,Female,Karachi,Premium,4108.0,42,4,1,High,2026-06-27,5.0,18,Monthly,172536,2,No
CUST0931,29.0,Male,Quetta,Premium,3329.0,17,6,7,Medium,2026-06-18,5.0,18,Monthly,56593,11,No
CUST0932,29.0,Male,Karachi,Basic,501.0,9,8,9,Low,2026-05-07,3.0,27,Quarterly,4509,53,Yes
CUST0933,53.0,Male,Rawalpindi,Standard,1968.0,10,8,3,Medium,2026-04-14,5.0,9,Quarterly,19680,76,No
CUST0934,31.0,Female,Peshawar,Standard,2961.0,48,21,1,Medium,2026-04-03,4.0,23,Monthly,142128,87,Yes
CUST0935,24.0,Female,Karachi,Premium,4152.0,9,26,5,Low,2026-04-04,5.0,11,Yearly,37368,86,No
CUST0936,61.0,Male,Lahore,Premium,4469.0,10,6,0,Low,2026-05-22,3.0,17,Quarterly,44690,38,No
CUST0937,41.0,Male,Faisalabad,Premium,5313.0,51,72,4,Medium,2026-05-21,5.0,24,Yearly,270963,39,No
CUST0938,41.0,Male,Faisalabad,Standard,2966.0,33,18,7,Medium,2026-04-14,4.0,24,Quarterly,97878,76,Yes
CUST0939,65.0,Male,Quetta,Basic,,42,74,8,High,2026-05-28,4.0,9,Monthly,32844,32,No
CUST0940,59.0,Male,Peshawar,Premium,3024.0,26,75,6,Medium,2026-05-08,2.0,24,Yearly,78624,52,Yes
CUST0941,57.0,Male,Faisalabad,Premium,3476.0,23,31,6,High,2026-06-27,1.0,20,Yearly,79948,2,Yes
CUST0942,35.0,Female,Lahore,Premium,5976.0,47,35,2,High,2026-06-11,2.0,28,Monthly,280872,18,Yes
CUST0943,63.0,Male,Lahore,Basic,1083.0,24,30,4,High,2026-05-08,2.0,22,Yearly,25992,52,Yes
CUST0944,28.0,Female,Karachi,Standard,2709.0,2,36,0,Low,2026-04-01,5.0,7,Yearly,5418,89,No
CUST0945,21.0,Female,Rawalpindi,Standard,2414.0,42,19,9,High,2026-04-10,3.0,21,Yearly,101388,80,No
CUST0946,18.0,Male,Islamabad,Basic,1291.0,12,34,4,Low,2026-06-11,1.0,7,Yearly,15492,18,No
CUST0947,65.0,Female,Rawalpindi,Basic,909.0,5,30,5,Low,2026-05-31,5.0,18,Yearly,4545,29,No
CUST0948,20.0,Male,Quetta,Premium,5663.0,26,58,9,High,2026-04-15,4.0,1,Monthly,147238,75,No
CUST0949,61.0,Female,Karachi,Standard,2093.0,28,77,4,Low,2026-06-22,4.0,1,Monthly,58604,7,No
CUST0950,43.0,Female,Multan,Standard,2611.0,26,76,6,Low,2026-05-28,4.0,8,Yearly,67886,32,No
CUST0951,32.0,Male,Karachi,Standard,2920.0,37,5,10,High,2026-04-13,2.0,19,Monthly,108040,77,Yes
CUST0952,58.0,Male,Multan,Standard,1865.0,53,50,9,Medium,2026-06-14,4.0,2,Quarterly,98845,15,No
CUST0953,65.0,Female,Islamabad,Premium,4876.0,36,70,0,High,2026-06-03,4.0,10,Quarterly,175536,26,No
CUST0954,54.0,Female,Peshawar,Basic,720.0,23,40,6,Low,2026-04-29,3.0,15,Quarterly,16560,61,Yes
CUST0955,21.0,Male,Rawalpindi,Premium,5383.0,40,31,4,High,2026-05-16,2.0,24,Yearly,215320,44,No
CUST0956,29.0,Female,Faisalabad,Standard,1856.0,26,9,4,Low,2026-06-01,4.0,21,Yearly,48256,28,No
CUST0957,52.0,Female,Quetta,Standard,1981.0,5,77,6,Medium,2026-05-02,2.0,12,Quarterly,9905,58,Yes
CUST0958,31.0,Female,Quetta,Premium,4065.0,11,38,3,Low,2026-04-19,5.0,0,Monthly,44715,71,No
CUST0959,58.0,Male,Faisalabad,Basic,600.0,8,51,9,High,2026-06-14,3.0,24,Monthly,4800,15,No
CUST0960,55.0,Female,Karachi,Premium,4796.0,15,54,2,Low,2026-06-25,2.0,11,Monthly,71940,4,Yes
CUST0961,48.0,Male,Peshawar,Premium,3847.0,18,36,8,Low,2026-05-24,4.0,1,Monthly,69246,36,No
CUST0962,54.0,Female,Quetta,Premium,3572.0,3,53,1,Low,2026-04-27,3.0,2,Quarterly,10716,63,Yes
CUST0963,51.0,Female,Rawalpindi,Premium,4997.0,41,4,8,High,2026-04-11,5.0,17,Quarterly,204877,79,No
CUST0964,45.0,Male,Quetta,Premium,5635.0,42,69,1,High,2026-05-21,2.0,0,Monthly,236670,39,No
CUST0965,49.0,Female,Multan,Premium,5415.0,26,35,9,Low,2026-04-28,2.0,16,Yearly,140790,62,Yes
CUST0966,55.0,Male,Islamabad,Premium,4173.0,23,4,0,Low,2026-04-22,3.0,8,Quarterly,95979,68,No
CUST0967,24.0,Male,Islamabad,Premium,3897.0,23,49,7,High,2026-05-05,3.0,10,Yearly,89631,55,No
CUST0968,41.0,Male,Quetta,Standard,1879.0,49,80,8,Low,2026-06-02,5.0,14,Monthly,92071,27,No
CUST0969,21.0,Female,Rawalpindi,Basic,1459.0,16,30,3,Medium,2026-04-04,3.0,21,Quarterly,23344,86,No
CUST0970,29.0,Male,Lahore,Premium,4492.0,55,56,3,Low,2026-05-02,4.0,30,Yearly,247060,58,No
CUST0971,40.0,Female,Peshawar,Standard,2607.0,54,79,6,Medium,2026-05-23,4.0,15,Monthly,140778,37,No
CUST0972,38.0,Male,Multan,Basic,644.0,15,37,2,High,2026-04-12,5.0,17,Yearly,9660,78,No
CUST0973,53.0,Female,Faisalabad,Premium,4491.0,36,52,2,High,2026-06-22,5.0,11,Yearly,161676,7,No
CUST0974,61.0,Male,Peshawar,Premium,3579.0,53,34,1,Medium,2026-06-19,5.0,22,Quarterly,189687,10,No
CUST0975,49.0,Male,Faisalabad,Standard,2820.0,42,77,6,Low,2026-06-19,5.0,25,Yearly,118440,10,No
CUST0976,27.0,Female,Multan,Standard,2967.0,38,51,4,Medium,2026-04-12,1.0,27,Quarterly,112746,78,Yes
CUST0977,38.0,Male,Islamabad,Standard,1548.0,30,9,0,Low,2026-05-03,5.0,25,Monthly,46440,57,Yes
CUST0978,48.0,Male,Faisalabad,Basic,944.0,52,40,5,Low,2026-06-10,3.0,30,Monthly,49088,19,No
CUST0979,53.0,Male,Multan,Premium,4869.0,50,62,10,High,2026-06-19,1.0,3,Monthly,243450,10,Yes
CUST0980,48.0,Male,Peshawar,Standard,2396.0,6,71,9,High,2026-04-10,3.0,20,Monthly,14376,80,Yes
CUST0981,63.0,Female,Quetta,Standard,2895.0,23,20,5,Low,2026-06-24,1.0,27,Yearly,66585,5,Yes
CUST0982,38.0,Male,Peshawar,Basic,1442.0,18,70,8,Low,2026-04-25,5.0,18,Monthly,25956,65,Yes
CUST0983,62.0,Male,Islamabad,Basic,925.0,3,21,2,High,2026-04-23,1.0,7,Yearly,2775,67,Yes
CUST0984,42.0,Male,Islamabad,Basic,1497.0,45,55,3,Low,2026-04-05,4.0,11,Quarterly,67365,85,No
CUST0985,65.0,Male,Peshawar,Premium,4221.0,23,77,0,High,2026-04-24,,16,Yearly,97083,66,Yes
CUST0986,36.0,Male,Faisalabad,Basic,1003.0,19,7,5,Low,2026-05-01,2.0,9,Quarterly,19057,59,Yes
CUST0987,37.0,Female,Quetta,Basic,516.0,9,27,1,Low,2026-06-12,4.0,18,Quarterly,4644,17,No
CUST0988,22.0,Male,Islamabad,Premium,4489.0,39,71,0,High,2026-05-15,,7,Yearly,175071,45,No
CUST0989,21.0,Female,Islamabad,Premium,3203.0,38,68,7,High,2026-04-22,5.0,8,Quarterly,121714,68,No
CUST0990,41.0,Female,Karachi,Basic,1336.0,14,18,9,Medium,2026-06-17,1.0,18,Quarterly,18704,12,Yes
CUST0991,35.0,Male,Karachi,Basic,1297.0,17,75,2,Low,2026-04-11,,0,Yearly,22049,79,Yes
CUST0992,,Female,Islamabad,Premium,5318.0,60,28,7,Low,2026-05-25,4.0,28,Monthly,319080,35,Yes
CUST0993,39.0,Female,Lahore,Premium,4388.0,27,76,3,High,2026-05-11,1.0,20,Monthly,118476,49,Yes
CUST0994,62.0,Male,Quetta,Premium,4545.0,1,47,10,Low,2026-04-04,,29,Yearly,4545,86,Yes
CUST0995,35.0,Male,Peshawar,Premium,4755.0,48,18,10,Medium,2026-04-08,1.0,28,Quarterly,228240,82,Yes
CUST0996,61.0,Male,Peshawar,Basic,1321.0,8,34,6,Medium,2026-05-22,4.0,17,Quarterly,10568,38,No
CUST0997,26.0,Female,Karachi,Standard,2212.0,59,72,2,Low,2026-06-24,3.0,17,Quarterly,130508,5,No
CUST0998,31.0,Female,Rawalpindi,Basic,657.0,28,4,6,Medium,2026-06-01,4.0,24,Yearly,18396,28,No
CUST0999,29.0,Female,Faisalabad,Basic,734.0,2,78,5,Low,2026-05-22,4.0,28,Yearly,1468,38,No
CUST1000,21.0,Male,Karachi,Premium,3087.0,15,1,6,Low,2026-06-17,1.0,30,Quarterly,46305,12,Yes
CUST1001,59.0,Male,Multan,Standard,1677.0,5,42,5,Medium,2026-06-11,4.0,11,Monthly,8385,18,No
CUST1002,19.0,Male,Peshawar,Premium,5510.0,10,17,3,High,2026-05-26,1.0,30,Quarterly,55100,34,No
CUST1003,23.0,Female,Peshawar,Premium,3044.0,50,58,2,Medium,2026-06-14,2.0,11,Yearly,152200,15,No
CUST1004,31.0,Female,Peshawar,Basic,1189.0,6,32,2,Medium,2026-04-04,3.0,21,Yearly,7134,86,Yes
CUST1005,27.0,Female,Islamabad,Standard,2008.0,51,76,0,High,2026-04-24,5.0,23,Yearly,102408,66,No
CUST1006,21.0,Female,Faisalabad,Standard,2754.0,10,17,3,High,2026-04-16,3.0,4,Quarterly,27540,74,No
CUST1007,26.0,Female,Islamabad,Premium,3716.0,27,21,7,Low,2026-05-01,4.0,23,Yearly,100332,59,Yes
CUST1008,52.0,Male,Quetta,Premium,5371.0,3,40,5,Low,2026-05-04,3.0,30,Monthly,16113,56,Yes
CUST1009,61.0,Male,Peshawar,Standard,2819.0,25,77,3,High,2026-06-23,5.0,26,Yearly,70475,6,No
CUST1010,34.0,Male,Islamabad,Standard,,36,2,8,High,2026-04-24,5.0,19,Monthly,99504,66,Yes
CUST1011,45.0,Male,Islamabad,Standard,1973.0,43,22,10,High,2026-04-30,3.0,2,Quarterly,84839,60,No
CUST1012,29.0,Male,Karachi,Standard,1583.0,24,39,8,Low,2026-06-17,1.0,20,Quarterly,37992,12,Yes
CUST1013,30.0,Male,Lahore,Premium,3969.0,56,57,7,Medium,2026-06-26,5.0,2,Quarterly,222264,3,No
CUST1014,22.0,Female,Lahore,Basic,1022.0,26,71,4,High,2026-05-26,2.0,9,Quarterly,26572,34,No
CUST1015,,Female,Lahore,Basic,1042.0,8,75,6,High,2026-04-20,5.0,1,Yearly,8336,70,No
CUST1016,58.0,Female,Rawalpindi,Basic,1031.0,32,57,1,High,2026-06-04,2.0,15,Yearly,32992,25,No
CUST1017,29.0,Male,Islamabad,Premium,4574.0,7,17,10,Low,2026-04-20,5.0,22,Quarterly,32018,70,Yes
CUST1018,55.0,Male,Lahore,Basic,713.0,2,79,0,Low,2026-05-23,5.0,7,Quarterly,1426,37,No
CUST1019,50.0,Female,Multan,Premium,4649.0,22,5,6,Medium,2026-05-23,2.0,5,Quarterly,102278,37,Yes
CUST1020,47.0,Male,Lahore,Premium,3478.0,51,64,9,High,2026-05-12,2.0,26,Monthly,177378,48,Yes
CUST1021,61.0,Male,Faisalabad,Premium,3086.0,18,16,5,High,2026-06-01,3.0,1,Yearly,55548,28,No
CUST1022,19.0,Female,Multan,Standard,2180.0,30,80,10,Low,2026-05-07,5.0,22,Yearly,65400,53,Yes
CUST1023,56.0,Male,Quetta,Standard,2159.0,45,24,10,High,2026-06-02,2.0,12,Monthly,97155,27,Yes
CUST1024,43.0,Female,Islamabad,Standard,2949.0,7,47,4,High,2026-04-21,3.0,5,Monthly,20643,69,No
CUST1025,40.0,Male,Faisalabad,Standard,2237.0,28,53,9,Low,2026-04-26,3.0,8,Yearly,62636,64,No
CUST1026,46.0,Female,Faisalabad,Premium,3636.0,54,51,6,Medium,2026-06-26,4.0,29,Quarterly,196344,3,No
CUST1027,46.0,Female,Rawalpindi,Standard,1596.0,52,58,10,Medium,2026-06-08,3.0,0,Yearly,82992,21,No
CUST1028,56.0,Female,Lahore,Standard,2625.0,31,46,1,Low,2026-04-15,3.0,3,Quarterly,81375,75,No
CUST1029,64.0,Male,Peshawar,Premium,5170.0,18,65,2,Low,2026-06-01,3.0,30,Yearly,93060,28,No
CUST1030,56.0,Male,Multan,Standard,1780.0,1,43,5,Medium,2026-04-27,4.0,2,Yearly,1780,63,No
CUST1031,19.0,Male,Faisalabad,Basic,625.0,18,64,9,Medium,2026-06-27,5.0,8,Monthly,11250,2,No
CUST1032,51.0,Female,Multan,Basic,729.0,60,61,9,High,2026-05-24,2.0,11,Monthly,43740,36,Yes
CUST1033,38.0,Female,Multan,Standard,2337.0,49,49,2,Low,2026-03-31,2.0,4,Yearly,114513,90,Yes
CUST1034,38.0,Female,Islamabad,Premium,5302.0,45,26,7,High,2026-06-14,5.0,29,Monthly,238590,15,No
CUST1035,33.0,Female,Rawalpindi,Basic,1155.0,1,37,2,High,2026-06-16,4.0,14,Monthly,1155,13,No
CUST1036,33.0,Female,Rawalpindi,Basic,1246.0,55,21,1,Low,2026-03-31,3.0,5,Monthly,68530,90,No
CUST1037,55.0,Female,Islamabad,Basic,716.0,46,11,7,Low,2026-04-19,1.0,20,Monthly,32936,71,Yes
CUST1038,,Female,Lahore,Premium,3199.0,21,63,4,Low,2026-05-02,4.0,7,Quarterly,67179,58,No
CUST1039,63.0,Female,Multan,Standard,2772.0,31,9,9,High,2026-04-10,2.0,28,Quarterly,85932,80,Yes
CUST1040,53.0,Female,Islamabad,Premium,5933.0,20,37,5,Medium,2026-04-10,1.0,7,Quarterly,118660,80,Yes
CUST1041,55.0,Male,Islamabad,Basic,931.0,28,38,4,High,2026-04-17,1.0,24,Quarterly,26068,73,Yes
CUST1042,44.0,Female,Lahore,Premium,4996.0,24,29,2,Medium,2026-04-18,1.0,10,Quarterly,119904,72,Yes
CUST1043,40.0,Male,Quetta,Basic,888.0,29,42,6,High,2026-06-02,2.0,3,Yearly,25752,27,No
CUST1044,63.0,Female,Multan,Premium,5584.0,2,73,4,Low,2026-04-03,3.0,0,Monthly,11168,87,Yes
CUST1045,27.0,Male,Peshawar,Premium,3947.0,42,25,5,Low,2026-06-23,5.0,2,Quarterly,165774,6,No
CUST1046,23.0,Female,Faisalabad,Basic,1077.0,53,58,9,High,2026-06-27,2.0,22,Quarterly,57081,2,Yes
CUST1047,29.0,Male,Faisalabad,Standard,2304.0,22,20,6,High,2026-04-25,4.0,0,Quarterly,50688,65,No
CUST1048,34.0,Female,Islamabad,Standard,1616.0,59,3,6,Medium,2026-04-04,3.0,23,Monthly,95344,86,Yes
CUST1049,61.0,Female,Multan,Standard,2344.0,45,65,7,Medium,2026-06-05,2.0,2,Quarterly,105480,24,Yes
CUST1050,45.0,Female,Islamabad,Premium,5063.0,36,59,0,Low,2026-04-11,3.0,21,Yearly,182268,79,No
CUST1051,33.0,Male,Karachi,Premium,5808.0,15,11,0,Medium,2026-04-22,2.0,18,Monthly,87120,68,Yes
CUST1052,60.0,Female,Peshawar,Basic,982.0,5,13,9,Low,2026-05-19,3.0,17,Yearly,4910,41,Yes
CUST1053,59.0,Male,Quetta,Basic,714.0,50,71,10,Low,2026-06-22,3.0,11,Quarterly,35700,7,No
CUST1054,43.0,Female,Islamabad,Premium,4892.0,33,48,1,High,2026-04-19,1.0,30,Yearly,161436,71,Yes
CUST1055,49.0,Female,Quetta,Standard,1775.0,4,36,0,Medium,2026-05-25,4.0,23,Yearly,7100,35,No
CUST1056,65.0,Male,Peshawar,Basic,809.0,30,36,8,High,2026-05-02,1.0,15,Monthly,24270,58,Yes
CUST1057,36.0,Male,Rawalpindi,Standard,2848.0,1,51,5,Medium,2026-05-07,3.0,12,Yearly,2848,53,No
CUST1058,53.0,Male,Quetta,Premium,5115.0,36,36,3,Medium,2026-05-10,5.0,17,Quarterly,184140,50,No
CUST1059,33.0,Female,Multan,Premium,3913.0,41,22,1,High,2026-05-16,5.0,3,Quarterly,160433,44,No
CUST1060,56.0,Female,Lahore,Standard,1538.0,47,29,5,Low,2026-06-12,2.0,20,Quarterly,72286,17,Yes
CUST1061,33.0,Male,Islamabad,Standard,2170.0,60,73,0,Medium,2026-05-12,5.0,1,Quarterly,130200,48,No
CUST1062,63.0,Female,Quetta,Basic,558.0,14,58,6,Medium,2026-05-09,2.0,14,Yearly,7812,51,Yes
CUST1063,37.0,Female,Quetta,Premium,3754.0,2,41,2,Low,2026-04-08,3.0,4,Monthly,7508,82,Yes
CUST1064,33.0,Female,Peshawar,Premium,3139.0,4,29,6,High,2026-06-24,4.0,2,Yearly,12556,5,No
CUST1065,34.0,Female,Karachi,Basic,605.0,58,32,9,Low,2026-04-21,3.0,16,Quarterly,35090,69,Yes
CUST1066,62.0,Male,Multan,Standard,2956.0,42,33,3,High,2026-06-20,4.0,17,Quarterly,124152,9,No
CUST1067,46.0,Female,Peshawar,Standard,1961.0,50,25,5,Medium,2026-04-11,2.0,28,Quarterly,98050,79,Yes
CUST1068,46.0,Female,Peshawar,Basic,581.0,4,57,0,Low,2026-04-10,4.0,6,Monthly,2324,80,Yes
CUST1069,28.0,Male,Rawalpindi,Premium,4922.0,14,62,9,Medium,2026-04-08,5.0,9,Yearly,68908,82,No
CUST1070,37.0,Male,Rawalpindi,Basic,611.0,58,57,5,Medium,2026-04-12,5.0,3,Monthly,35438,78,No
CUST1071,50.0,Male,Karachi,Standard,2575.0,28,37,7,High,2026-06-24,4.0,1,Monthly,72100,5,No
CUST1072,22.0,Male,Peshawar,Premium,3556.0,31,9,9,Low,2026-04-23,1.0,29,Monthly,110236,67,Yes
CUST1073,47.0,Female,Islamabad,Basic,703.0,50,29,2,High,2026-05-30,2.0,24,Quarterly,35150,30,No
CUST1074,26.0,Female,Rawalpindi,Basic,885.0,26,62,2,High,2026-05-09,4.0,24,Quarterly,23010,51,No
CUST1075,30.0,Female,Islamabad,Basic,799.0,39,35,6,High,2026-04-29,1.0,1,Monthly,31161,61,Yes
CUST1076,58.0,Male,Lahore,Premium,5623.0,44,31,1,Medium,2026-04-21,2.0,12,Quarterly,247412,69,Yes
CUST1077,59.0,Female,Quetta,Premium,4353.0,44,56,10,Medium,2026-05-30,1.0,1,Yearly,191532,30,No
CUST1078,24.0,Female,Islamabad,Premium,3885.0,6,55,2,High,2026-06-03,5.0,2,Monthly,23310,26,No
CUST1079,41.0,Female,Peshawar,Premium,4221.0,53,43,9,High,2026-04-14,1.0,9,Yearly,223713,76,Yes
CUST1080,53.0,Female,Multan,Standard,2022.0,2,18,4,High,2026-05-08,4.0,7,Monthly,4044,52,No
CUST1081,63.0,Male,Quetta,Standard,1777.0,44,53,10,Medium,2026-05-30,2.0,10,Quarterly,78188,30,Yes
CUST1082,25.0,Female,Islamabad,Standard,2324.0,34,73,2,Low,2026-06-04,4.0,7,Monthly,79016,25,No
CUST1083,36.0,Male,Multan,Standard,2342.0,5,79,7,Medium,2026-06-02,3.0,22,Yearly,11710,27,Yes
CUST1084,57.0,Male,Quetta,Standard,1525.0,32,27,2,Medium,2026-05-31,2.0,9,Monthly,48800,29,No
CUST1085,,Female,Faisalabad,Premium,3168.0,60,33,2,Low,2026-06-13,5.0,18,Monthly,190080,16,No
CUST1086,40.0,Female,Rawalpindi,Standard,2023.0,7,72,4,High,2026-04-21,2.0,27,Quarterly,14161,69,Yes
CUST1087,43.0,Female,Rawalpindi,Basic,1033.0,5,79,0,High,2026-06-11,3.0,22,Yearly,5165,18,No
CUST1088,47.0,Female,Peshawar,Basic,643.0,26,77,6,Medium,2026-05-12,1.0,25,Monthly,16718,48,Yes
CUST1089,18.0,Female,Rawalpindi,Premium,5469.0,49,2,0,High,2026-04-02,2.0,5,Yearly,267981,88,No
CUST1090,35.0,Female,Faisalabad,Premium,4448.0,27,72,9,High,2026-04-28,1.0,22,Yearly,120096,62,Yes
CUST1091,46.0,Female,Peshawar,Basic,569.0,58,78,5,Low,2026-06-17,2.0,6,Monthly,33002,12,Yes
CUST1092,52.0,Male,Faisalabad,Basic,777.0,14,51,6,High,2026-06-16,2.0,24,Quarterly,10878,13,Yes
CUST1093,38.0,Female,Faisalabad,Premium,4417.0,41,55,10,High,2026-05-08,1.0,14,Quarterly,181097,52,Yes
CUST1094,19.0,Male,Multan,Basic,1280.0,25,51,9,Low,2026-06-26,2.0,2,Monthly,32000,3,Yes
CUST1095,59.0,Male,Islamabad,Basic,942.0,56,70,6,Medium,2026-04-23,1.0,18,Quarterly,52752,67,Yes
CUST1096,35.0,Male,Quetta,Premium,3328.0,39,76,4,Low,2026-04-22,3.0,10,Monthly,129792,68,No
CUST1097,22.0,Male,Islamabad,Basic,590.0,1,63,1,Medium,2026-05-19,4.0,12,Monthly,590,41,No
CUST1098,19.0,Female,Peshawar,Standard,2696.0,37,80,7,Medium,2026-06-18,3.0,21,Quarterly,99752,11,No
CUST1099,63.0,Female,Lahore,Standard,2430.0,29,15,9,Low,2026-04-10,1.0,10,Monthly,70470,80,Yes
CUST1100,27.0,Male,Faisalabad,Standard,2715.0,49,32,2,Low,2026-04-03,2.0,23,Yearly,133035,87,Yes
CUST1101,19.0,Female,Islamabad,Basic,1042.0,38,26,2,Medium,2026-06-04,2.0,13,Quarterly,39596,25,No
CUST1102,65.0,Male,Karachi,Premium,4460.0,1,67,5,Low,2026-06-20,2.0,17,Quarterly,4460,9,Yes
CUST1103,55.0,Female,Rawalpindi,Premium,4172.0,23,65,4,Low,2026-04-20,3.0,9,Monthly,95956,70,No
CUST1104,61.0,Female,Karachi,Premium,4563.0,36,45,0,High,2026-06-26,3.0,7,Monthly,164268,3,No
CUST1105,29.0,Female,Peshawar,Premium,4739.0,39,66,7,Medium,2026-04-05,5.0,8,Quarterly,184821,85,No
CUST1106,,Male,Lahore,Premium,3610.0,5,66,7,High,2026-05-14,1.0,6,Yearly,18050,46,Yes
CUST1107,54.0,Male,Faisalabad,Standard,1719.0,51,60,10,High,2026-06-02,1.0,1,Quarterly,87669,27,No
CUST1108,52.0,Male,Multan,Basic,,2,21,9,High,2026-05-15,5.0,19,Monthly,2740,45,Yes
CUST1109,38.0,Male,Rawalpindi,Premium,4043.0,29,61,5,Medium,2026-06-04,4.0,17,Quarterly,117247,25,No
CUST1110,19.0,Male,Islamabad,Standard,2427.0,57,26,5,High,2026-04-23,1.0,24,Monthly,138339,67,Yes
CUST1111,50.0,Female,Rawalpindi,Basic,1318.0,1,5,2,Low,2026-06-04,4.0,15,Yearly,1318,25,No
CUST1112,52.0,Female,Islamabad,Standard,1760.0,12,22,6,Low,2026-05-13,5.0,24,Monthly,21120,47,Yes
CUST1113,20.0,Male,Quetta,Basic,1320.0,60,31,4,High,2026-04-02,1.0,7,Yearly,79200,88,No
CUST1114,37.0,Female,Lahore,Basic,515.0,60,76,9,Medium,2026-04-02,1.0,13,Yearly,30900,88,Yes
CUST1115,65.0,Male,Karachi,Basic,671.0,47,9,7,Medium,2026-05-10,2.0,22,Monthly,31537,50,Yes
CUST1116,30.0,Female,Multan,Standard,2006.0,60,15,3,High,2026-04-21,1.0,30,Monthly,120360,69,Yes
CUST1117,39.0,Male,Peshawar,Standard,1668.0,16,74,7,High,2026-06-11,2.0,16,Monthly,26688,18,Yes
CUST1118,24.0,Female,Lahore,Standard,2613.0,4,69,6,High,2026-04-08,3.0,25,Quarterly,10452,82,Yes
CUST1119,46.0,Female,Quetta,Basic,1256.0,23,14,0,High,2026-06-08,1.0,24,Monthly,28888,21,Yes
CUST1120,34.0,Female,Multan,Premium,5104.0,23,58,3,Medium,2026-05-04,3.0,20,Quarterly,117392,56,No
CUST1121,30.0,Male,Karachi,Premium,5493.0,18,33,6,Low,2026-05-27,2.0,8,Quarterly,98874,33,Yes
CUST1122,49.0,Female,Faisalabad,Premium,5064.0,54,19,10,Medium,2026-05-26,3.0,23,Quarterly,273456,34,No
CUST1123,37.0,Male,Peshawar,Premium,3841.0,25,74,7,Low,2026-06-13,5.0,10,Monthly,96025,16,No
CUST1124,43.0,Female,Rawalpindi,Standard,2906.0,30,80,6,High,2026-06-13,3.0,25,Monthly,87180,16,No
CUST1125,57.0,Female,Rawalpindi,Premium,5850.0,12,21,1,High,2026-06-12,3.0,3,Quarterly,70200,17,No
CUST1126,49.0,Male,Faisalabad,Standard,2657.0,41,27,3,Medium,2026-06-20,1.0,1,Yearly,108937,9,No
CUST1127,45.0,Female,Karachi,Basic,1328.0,53,38,2,High,2026-05-05,4.0,5,Yearly,70384,55,No
CUST1128,18.0,Male,Lahore,Basic,697.0,37,45,1,Low,2026-06-15,5.0,25,Monthly,25789,14,No
CUST1129,24.0,Male,Karachi,Standard,2266.0,46,31,7,Low,2026-05-31,3.0,30,Monthly,104236,29,Yes
CUST1130,59.0,Male,Peshawar,Premium,5320.0,32,14,7,Medium,2026-06-05,4.0,25,Yearly,170240,24,No
CUST1131,62.0,Female,Lahore,Standard,1524.0,54,59,3,Low,2026-06-11,2.0,13,Yearly,82296,18,No
CUST1132,54.0,Male,Lahore,Basic,636.0,26,64,7,High,2026-04-04,4.0,21,Quarterly,16536,86,Yes
CUST1133,36.0,Male,Quetta,Premium,5100.0,30,63,10,Low,2026-04-03,1.0,15,Quarterly,153000,87,Yes
CUST1134,36.0,Female,Multan,Premium,3414.0,12,43,4,Low,2026-05-31,5.0,14,Yearly,40968,29,No
CUST1135,60.0,Female,Lahore,Premium,3083.0,26,15,3,Low,2026-05-10,4.0,21,Quarterly,80158,50,No
CUST1136,55.0,Male,Rawalpindi,Premium,,23,75,7,Low,2026-06-21,2.0,26,Monthly,70334,8,Yes
CUST1137,46.0,Male,Peshawar,Basic,728.0,11,18,6,Low,2026-04-16,2.0,13,Yearly,8008,74,Yes
CUST1138,52.0,Male,Islamabad,Premium,3394.0,9,63,2,High,2026-04-12,5.0,6,Yearly,30546,78,No
CUST1139,45.0,Female,Karachi,Premium,3294.0,11,25,4,High,2026-06-14,2.0,10,Quarterly,36234,15,No
CUST1140,36.0,Female,Peshawar,Basic,585.0,48,21,3,Low,2026-06-06,4.0,17,Monthly,28080,23,No
CUST1141,30.0,Female,Multan,Premium,4283.0,5,78,7,Low,2026-05-25,1.0,24,Yearly,21415,35,Yes
CUST1142,54.0,Female,Multan,Standard,2467.0,21,43,1,High,2026-06-17,3.0,11,Quarterly,51807,12,No
CUST1143,62.0,Female,Peshawar,Premium,3769.0,2,15,6,Medium,2026-06-22,5.0,16,Yearly,7538,7,No
CUST1144,47.0,Female,Rawalpindi,Premium,3653.0,28,44,0,High,2026-06-23,3.0,23,Monthly,102284,6,No
CUST1145,44.0,Female,Faisalabad,Standard,2355.0,18,24,5,Medium,2026-05-13,2.0,7,Quarterly,42390,47,Yes
CUST1146,32.0,Female,Lahore,Premium,3757.0,11,24,0,Low,2026-04-14,2.0,11,Quarterly,41327,76,Yes
CUST1147,60.0,Male,Islamabad,Standard,2499.0,28,71,6,Low,2026-06-18,5.0,1,Quarterly,69972,11,No
CUST1148,39.0,Male,Rawalpindi,Standard,2174.0,42,42,10,Low,2026-04-08,2.0,13,Yearly,91308,82,Yes
CUST1149,45.0,Female,Islamabad,Basic,1147.0,24,53,7,Low,2026-06-24,4.0,26,Quarterly,27528,5,Yes
CUST1150,50.0,Female,Islamabad,Basic,853.0,49,30,7,Medium,2026-05-23,2.0,24,Quarterly,41797,37,Yes
CUST1151,51.0,Male,Rawalpindi,Standard,2138.0,7,40,6,Medium,2026-04-12,4.0,30,Monthly,14966,78,Yes
CUST1152,55.0,Female,Rawalpindi,Premium,4513.0,4,25,6,Low,2026-04-23,4.0,4,Yearly,18052,67,Yes
CUST1153,61.0,Female,Quetta,Basic,866.0,31,20,2,Medium,2026-04-23,4.0,10,Yearly,26846,67,No
CUST1154,40.0,Male,Faisalabad,Basic,1418.0,7,61,6,High,2026-06-10,2.0,9,Yearly,9926,19,No
CUST1155,26.0,Female,Karachi,Basic,614.0,48,41,9,Medium,2026-04-12,1.0,19,Quarterly,29472,78,Yes
CUST1156,61.0,Female,Peshawar,Basic,902.0,25,39,6,Low,2026-04-16,3.0,7,Yearly,22550,74,No
CUST1157,21.0,Male,Peshawar,Basic,646.0,51,28,4,Medium,2026-04-12,3.0,14,Yearly,32946,78,No
CUST1158,50.0,Male,Multan,Premium,4417.0,48,30,5,High,2026-04-08,3.0,4,Monthly,212016,82,No
CUST1159,28.0,Female,Rawalpindi,Basic,1269.0,48,76,5,Low,2026-05-20,3.0,26,Yearly,60912,40,No
CUST1160,61.0,Female,Quetta,Premium,3378.0,29,2,8,High,2026-04-16,2.0,28,Yearly,97962,74,Yes
CUST1161,51.0,Male,Rawalpindi,Standard,1682.0,44,72,4,Medium,2026-06-23,4.0,0,Quarterly,74008,6,No
CUST1162,61.0,Male,Islamabad,Standard,2248.0,40,19,10,Low,2026-05-27,1.0,10,Quarterly,89920,33,Yes
CUST1163,57.0,Male,Peshawar,Standard,2208.0,32,17,7,Low,2026-06-20,1.0,9,Quarterly,70656,9,Yes
CUST1164,40.0,Female,Islamabad,Basic,1253.0,35,71,4,Medium,2026-06-04,4.0,17,Yearly,43855,25,No
CUST1165,20.0,Male,Quetta,Standard,2201.0,60,55,7,High,2026-06-07,2.0,13,Yearly,132060,22,No
CUST1166,28.0,Male,Rawalpindi,Basic,507.0,48,39,10,Low,2026-05-14,3.0,16,Quarterly,24336,46,Yes
CUST1167,55.0,Female,Multan,Premium,5869.0,8,37,10,High,2026-05-26,4.0,7,Monthly,46952,34,No
CUST1168,49.0,Male,Peshawar,Standard,2247.0,15,17,0,Medium,2026-04-10,4.0,21,Quarterly,33705,80,No
CUST1169,46.0,Male,Multan,Standard,1943.0,9,77,4,High,2026-04-21,2.0,20,Yearly,17487,69,Yes
CUST1170,27.0,Male,Faisalabad,Basic,1259.0,6,13,0,Medium,2026-05-14,4.0,24,Yearly,7554,46,Yes
CUST1171,25.0,Female,Islamabad,Standard,2468.0,10,67,10,Low,2026-06-04,4.0,9,Monthly,24680,25,No
CUST1172,42.0,Male,Multan,Basic,945.0,11,36,6,High,2026-04-12,5.0,25,Monthly,10395,78,Yes
CUST1173,56.0,Male,Lahore,Basic,859.0,56,1,7,High,2026-05-30,4.0,28,Monthly,48104,30,No
CUST1174,29.0,Female,Lahore,Standard,2302.0,56,77,3,High,2026-04-22,3.0,22,Monthly,128912,68,No
CUST1175,33.0,Female,Quetta,Standard,1521.0,7,75,7,Low,2026-04-26,1.0,25,Quarterly,10647,64,Yes
CUST1176,56.0,Male,Rawalpindi,Basic,506.0,12,55,6,High,2026-03-31,2.0,29,Yearly,6072,90,Yes
CUST1177,57.0,Female,Quetta,Premium,5280.0,9,77,6,High,2026-06-05,4.0,24,Monthly,47520,24,No
CUST1178,61.0,Male,Peshawar,Premium,5177.0,17,13,1,High,2026-06-02,4.0,27,Yearly,88009,27,No
CUST1179,32.0,Male,Faisalabad,Basic,1243.0,31,79,0,Low,2026-06-17,4.0,9,Quarterly,38533,12,No
CUST1180,54.0,Male,Faisalabad,Basic,522.0,9,72,10,Medium,2026-04-05,1.0,12,Yearly,4698,85,Yes
CUST1181,62.0,Male,Karachi,Standard,1739.0,31,54,4,High,2026-05-17,5.0,27,Quarterly,53909,43,No
CUST1182,42.0,Female,Karachi,Basic,598.0,51,47,6,Medium,2026-05-21,3.0,29,Yearly,30498,39,No
CUST1183,54.0,Female,Rawalpindi,Standard,2509.0,55,8,0,High,2026-05-27,4.0,26,Yearly,137995,33,No
CUST1184,63.0,Male,Multan,Standard,2309.0,17,76,10,High,2026-04-26,4.0,9,Yearly,39253,64,No
CUST1185,46.0,Male,Islamabad,Basic,519.0,50,16,0,High,2026-06-21,3.0,23,Quarterly,25950,8,No
CUST1186,55.0,Male,Lahore,Basic,680.0,38,31,6,High,2026-04-17,1.0,14,Quarterly,25840,73,Yes
CUST1187,56.0,Female,Quetta,Standard,2187.0,42,12,8,High,2026-06-23,2.0,14,Monthly,91854,6,Yes
CUST1188,61.0,Male,Multan,Premium,3115.0,43,35,1,Medium,2026-04-21,1.0,29,Quarterly,133945,69,Yes
CUST1189,35.0,Female,Rawalpindi,Premium,4415.0,16,31,10,Medium,2026-04-14,2.0,23,Monthly,70640,76,Yes
CUST1190,45.0,Female,Peshawar,Basic,1415.0,6,5,6,High,2026-05-01,1.0,25,Quarterly,8490,59,Yes
CUST1191,46.0,Male,Islamabad,Standard,2961.0,16,46,5,Medium,2026-05-09,3.0,19,Yearly,47376,51,No
CUST1192,31.0,Male,Karachi,Premium,4316.0,39,50,1,Medium,2026-05-27,3.0,21,Yearly,168324,33,No
CUST1193,48.0,Male,Peshawar,Basic,553.0,59,44,1,High,2026-04-28,2.0,6,Monthly,32627,62,Yes
CUST1194,40.0,Female,Faisalabad,Premium,5871.0,46,7,5,Medium,2026-06-26,1.0,28,Quarterly,270066,3,Yes
CUST1195,55.0,Male,Rawalpindi,Premium,4441.0,20,44,0,Low,2026-04-06,3.0,9,Yearly,88820,84,No
CUST1196,35.0,Male,Islamabad,Standard,2631.0,45,59,10,High,2026-04-27,1.0,3,Yearly,118395,63,Yes
CUST1197,40.0,Male,Peshawar,Basic,1405.0,32,11,5,High,2026-04-28,3.0,8,Yearly,44960,62,No
CUST1198,64.0,Male,Multan,Basic,1495.0,34,17,7,High,2026-05-20,4.0,20,Yearly,50830,40,No
CUST1199,36.0,Male,Islamabad,Standard,2093.0,3,53,2,Low,2026-06-23,3.0,14,Yearly,6279,6,No
CUST1200,33.0,Male,Multan,Standard,2763.0,8,18,3,Medium,2026-05-11,3.0,6,Quarterly,22104,49,No
CUST1201,29.0,Female,Faisalabad,Basic,637.0,45,71,6,Low,2026-05-24,1.0,16,Monthly,28665,36,Yes
CUST1202,38.0,Male,Islamabad,Basic,1127.0,37,24,6,High,2026-04-09,1.0,6,Yearly,41699,81,Yes
CUST1203,46.0,Female,Rawalpindi,Premium,5374.0,30,71,9,Low,2026-06-17,3.0,8,Monthly,161220,12,No
CUST1204,52.0,Male,Multan,Basic,1239.0,4,57,6,High,2026-05-21,3.0,9,Quarterly,4956,39,No
CUST1205,41.0,Male,Quetta,Premium,4419.0,16,34,6,High,2026-04-28,3.0,30,Quarterly,70704,62,Yes
CUST1206,30.0,Male,Peshawar,Standard,2882.0,31,15,8,Medium,2026-04-22,3.0,1,Monthly,89342,68,Yes
CUST1207,28.0,Male,Rawalpindi,Basic,1205.0,29,16,6,Low,2026-04-09,5.0,4,Quarterly,34945,81,Yes
CUST1208,38.0,Male,Faisalabad,Standard,2466.0,44,8,4,Low,2026-04-15,2.0,8,Yearly,108504,75,Yes
CUST1209,41.0,Male,Rawalpindi,Basic,1072.0,6,26,6,Low,2026-04-07,1.0,6,Quarterly,6432,83,Yes
CUST1210,23.0,Female,Multan,Standard,2374.0,43,66,2,Low,2026-04-20,4.0,25,Quarterly,102082,70,Yes
CUST1211,54.0,Female,Lahore,Premium,5845.0,28,71,8,High,2026-04-25,1.0,0,Quarterly,163660,65,Yes
CUST1212,23.0,Female,Peshawar,Premium,3091.0,18,11,0,High,2026-04-06,,12,Yearly,55638,84,No
CUST1213,18.0,Male,Karachi,Standard,1965.0,52,78,10,Medium,2026-05-24,1.0,22,Monthly,102180,36,Yes
CUST1214,54.0,Male,Peshawar,Premium,3820.0,26,17,5,Low,2026-06-27,5.0,24,Yearly,99320,2,No
CUST1215,39.0,Female,Lahore,Basic,1271.0,5,36,5,Medium,2026-04-13,4.0,20,Quarterly,6355,77,Yes
CUST1216,54.0,Female,Faisalabad,Standard,2100.0,55,26,6,Medium,2026-06-15,4.0,0,Monthly,115500,14,No
CUST1217,53.0,Female,Faisalabad,Premium,3148.0,17,46,7,Low,2026-06-21,4.0,28,Yearly,53516,8,No
CUST1218,41.0,Male,Quetta,Premium,5322.0,3,66,5,Medium,2026-04-08,4.0,9,Monthly,15966,82,No
CUST1219,39.0,Male,Islamabad,Premium,5160.0,46,13,0,High,2026-04-13,5.0,25,Yearly,237360,77,No
CUST1220,44.0,Male,Peshawar,Standard,2907.0,57,78,7,Medium,2026-04-27,3.0,14,Quarterly,165699,63,No
CUST1221,47.0,Male,Islamabad,Standard,2202.0,35,78,10,High,2026-05-11,1.0,7,Yearly,77070,49,Yes
CUST1222,38.0,Male,Quetta,Basic,1354.0,57,64,10,Medium,2026-04-16,1.0,24,Quarterly,77178,74,Yes
CUST1223,27.0,Male,Karachi,Basic,1391.0,43,70,3,Low,2026-06-06,4.0,10,Yearly,59813,23,No
CUST1224,44.0,Female,Multan,Basic,748.0,58,37,5,High,2026-05-10,1.0,5,Yearly,43384,50,No
CUST1225,39.0,Female,Islamabad,Standard,2648.0,41,79,9,High,2026-05-12,3.0,23,Quarterly,108568,48,Yes
CUST1226,55.0,Male,Islamabad,Standard,2769.0,6,65,3,High,2026-05-22,2.0,11,Yearly,16614,38,No
CUST1227,28.0,Male,Islamabad,Basic,669.0,12,39,6,Low,2026-05-08,3.0,3,Yearly,8028,52,No
CUST1228,48.0,Male,Peshawar,Standard,2664.0,33,18,8,Medium,2026-06-05,2.0,23,Yearly,87912,24,Yes
CUST1229,26.0,Female,Faisalabad,Premium,5747.0,31,2,5,Low,2026-05-29,3.0,10,Monthly,178157,31,No
CUST1230,23.0,Male,Rawalpindi,Basic,555.0,3,63,10,High,2026-06-19,5.0,19,Quarterly,1665,10,Yes
CUST1231,55.0,Male,Quetta,Standard,2580.0,47,50,1,Medium,2026-04-02,2.0,17,Yearly,121260,88,Yes
CUST1232,19.0,Male,Quetta,Basic,583.0,40,43,9,Low,2026-06-18,2.0,4,Yearly,23320,11,Yes
CUST1233,18.0,Female,Quetta,Standard,1875.0,34,1,2,Medium,2026-06-09,2.0,20,Monthly,63750,20,Yes
CUST1234,40.0,Male,Rawalpindi,Premium,3087.0,21,68,5,Medium,2026-06-28,4.0,17,Yearly,64827,1,No
CUST1235,47.0,Male,Lahore,Basic,1291.0,33,14,3,Low,2026-06-05,5.0,10,Monthly,42603,24,No
CUST1236,48.0,Female,Lahore,Basic,960.0,55,80,7,Low,2026-05-06,5.0,23,Yearly,52800,54,Yes
CUST1237,43.0,Female,Multan,Basic,835.0,2,38,0,Low,2026-05-09,1.0,10,Monthly,1670,51,Yes
CUST1238,52.0,Female,Islamabad,Basic,1040.0,43,37,0,High,2026-05-21,2.0,21,Quarterly,44720,39,No
CUST1239,59.0,Male,Quetta,Premium,,28,43,2,High,2026-05-01,4.0,9,Quarterly,120624,59,No
CUST1240,59.0,Male,Karachi,Standard,2215.0,14,47,9,Medium,2026-06-28,2.0,25,Quarterly,31010,1,Yes
CUST1241,59.0,Female,Karachi,Standard,2348.0,2,30,7,High,2026-06-20,4.0,26,Monthly,4696,9,Yes
CUST1242,39.0,Female,Quetta,Basic,609.0,34,49,0,Low,2026-05-07,1.0,19,Yearly,20706,53,Yes
CUST1243,36.0,Female,Multan,Premium,4915.0,36,40,3,Medium,2026-06-07,1.0,8,Yearly,176940,22,No
CUST1244,35.0,Male,Rawalpindi,Premium,3873.0,12,43,6,Low,2026-04-07,1.0,5,Monthly,46476,83,Yes
CUST1245,65.0,Male,Quetta,Premium,5511.0,47,69,0,High,2026-04-07,3.0,4,Yearly,259017,83,No
CUST1246,54.0,Female,Peshawar,Premium,3191.0,17,62,7,Medium,2026-05-27,5.0,28,Quarterly,54247,33,No
CUST1247,19.0,Female,Islamabad,Premium,3238.0,30,20,1,High,2026-04-16,3.0,24,Quarterly,97140,74,No
CUST1248,41.0,Female,Quetta,Basic,1143.0,56,37,3,High,2026-04-13,5.0,24,Monthly,64008,77,No
CUST1249,35.0,Female,Rawalpindi,Basic,1355.0,59,66,0,Low,2026-04-17,2.0,18,Monthly,79945,73,Yes
CUST1250,45.0,Female,Karachi,Premium,5022.0,35,10,0,Low,2026-06-20,2.0,20,Yearly,175770,9,Yes
CUST1251,64.0,Female,Peshawar,Basic,1494.0,15,57,4,Medium,2026-06-07,1.0,25,Quarterly,22410,22,Yes
CUST1252,58.0,Male,Lahore,Premium,4094.0,23,56,6,Low,2026-06-23,4.0,24,Yearly,94162,6,No
CUST1253,51.0,Female,Faisalabad,Basic,559.0,9,49,0,Medium,2026-04-20,3.0,27,Quarterly,5031,70,No
CUST1254,54.0,Female,Lahore,Basic,1493.0,31,41,9,High,2026-04-11,4.0,3,Quarterly,46283,79,No
CUST1255,25.0,Female,Peshawar,Premium,4571.0,26,48,4,High,2026-04-28,4.0,3,Yearly,118846,62,No
CUST1256,33.0,Male,Islamabad,Basic,1215.0,22,80,2,Medium,2026-05-31,2.0,4,Quarterly,26730,29,No
CUST1257,35.0,Female,Quetta,Basic,605.0,10,39,1,High,2026-06-08,,6,Monthly,6050,21,No
CUST1258,18.0,Female,Islamabad,Premium,5947.0,15,60,3,Medium,2026-05-26,2.0,22,Yearly,89205,34,No
CUST1259,63.0,Female,Quetta,Standard,2044.0,48,61,9,High,2026-04-13,4.0,0,Monthly,98112,77,No
CUST1260,18.0,Female,Multan,Premium,3591.0,5,15,0,High,2026-06-06,4.0,30,Monthly,17955,23,No
CUST1261,65.0,Male,Multan,Standard,,45,17,0,Low,2026-06-15,2.0,12,Monthly,95310,14,Yes
CUST1262,28.0,Female,Lahore,Standard,2491.0,28,61,10,Medium,2026-04-17,1.0,14,Yearly,69748,73,Yes
CUST1263,27.0,Male,Peshawar,Basic,1416.0,8,77,10,High,2026-04-20,2.0,4,Monthly,11328,70,Yes
CUST1264,,Female,Multan,Premium,4936.0,31,75,3,Low,2026-05-23,1.0,1,Quarterly,153016,37,No
CUST1265,18.0,Female,Karachi,Standard,1855.0,4,54,9,Low,2026-06-20,1.0,2,Quarterly,7420,9,Yes
CUST1266,39.0,Female,Faisalabad,Basic,959.0,23,74,1,High,2026-06-07,3.0,9,Quarterly,22057,22,No
CUST1267,23.0,Male,Karachi,Standard,2653.0,50,66,9,Low,2026-04-18,4.0,0,Monthly,132650,72,Yes
CUST1268,65.0,Male,Quetta,Premium,4932.0,50,15,4,Low,2026-04-16,4.0,7,Quarterly,246600,74,No
CUST1269,63.0,Male,Rawalpindi,Standard,2637.0,5,19,5,Medium,2026-05-17,3.0,10,Yearly,13185,43,No
CUST1270,37.0,Female,Multan,Basic,1288.0,20,57,1,Low,2026-06-03,2.0,1,Yearly,25760,26,No
CUST1271,47.0,Male,Rawalpindi,Premium,3877.0,9,31,9,Low,2026-04-29,4.0,28,Quarterly,34893,61,Yes
CUST1272,23.0,Female,Karachi,Basic,1207.0,14,17,2,Medium,2026-04-20,5.0,18,Monthly,16898,70,Yes
CUST1273,46.0,Male,Multan,Standard,2937.0,11,25,7,Low,2026-06-03,3.0,6,Monthly,32307,26,No
CUST1274,39.0,Female,Lahore,Premium,3530.0,25,31,9,Medium,2026-06-06,2.0,8,Yearly,88250,23,No
CUST1275,64.0,Male,Multan,Basic,1228.0,13,66,1,Low,2026-04-13,1.0,27,Quarterly,15964,77,Yes
CUST1276,52.0,Female,Multan,Standard,2472.0,41,31,4,High,2026-05-01,2.0,7,Monthly,101352,59,Yes
CUST1277,58.0,Female,Islamabad,Basic,1461.0,48,54,7,Medium,2026-05-23,2.0,27,Monthly,70128,37,Yes
CUST1278,58.0,Male,Karachi,Basic,1500.0,1,74,6,High,2026-06-19,4.0,2,Quarterly,1500,10,No
CUST1279,,Female,Faisalabad,Basic,769.0,11,38,0,High,2026-04-15,3.0,1,Quarterly,8459,75,No
CUST1280,58.0,Male,Islamabad,Basic,784.0,3,18,3,Medium,2026-05-06,2.0,16,Yearly,2352,54,Yes
CUST1281,48.0,Female,Quetta,Basic,603.0,58,42,9,Low,2026-06-04,2.0,29,Monthly,34974,25,Yes
CUST1282,36.0,Female,Lahore,Basic,1231.0,8,8,2,Medium,2026-04-04,3.0,11,Monthly,9848,86,No
CUST1283,34.0,Male,Peshawar,Standard,2412.0,36,14,2,Low,2026-06-08,1.0,29,Yearly,86832,21,Yes
CUST1284,29.0,Female,Multan,Standard,2662.0,37,20,2,Medium,2026-04-15,5.0,14,Monthly,98494,75,No
CUST1285,,Male,Quetta,Premium,5731.0,4,40,5,Low,2026-04-05,4.0,15,Monthly,22924,85,Yes
CUST1286,37.0,Female,Karachi,Standard,2335.0,60,11,8,Medium,2026-04-17,4.0,11,Yearly,140100,73,No
CUST1287,30.0,Female,Quetta,Basic,1267.0,48,26,5,Low,2026-05-21,2.0,12,Monthly,60816,39,Yes
CUST1288,45.0,Female,Multan,Standard,2798.0,58,77,9,Low,2026-04-24,4.0,20,Yearly,162284,66,Yes
CUST1289,27.0,Female,Multan,Standard,2216.0,22,58,8,Medium,2026-04-06,1.0,13,Monthly,48752,84,Yes
CUST1290,32.0,Male,Quetta,Basic,1044.0,32,17,7,Medium,2026-05-13,5.0,29,Quarterly,33408,47,Yes
CUST1291,65.0,Female,Islamabad,Standard,1949.0,16,43,7,Medium,2026-06-17,4.0,2,Yearly,31184,12,No
CUST1292,37.0,Male,Karachi,Standard,2857.0,16,80,10,High,2026-04-27,5.0,16,Monthly,45712,63,Yes
CUST1293,60.0,Female,Karachi,Standard,2830.0,49,33,10,High,2026-04-08,4.0,14,Quarterly,138670,82,No
CUST1294,45.0,Female,Peshawar,Basic,1217.0,23,45,6,High,2026-05-14,4.0,9,Monthly,27991,46,No
CUST1295,55.0,Male,Quetta,Standard,1748.0,46,44,10,Low,2026-04-28,5.0,30,Quarterly,80408,62,Yes
CUST1296,42.0,Male,Peshawar,Standard,2611.0,52,57,2,High,2026-06-09,2.0,21,Quarterly,135772,20,No
CUST1297,50.0,Male,Islamabad,Premium,4816.0,8,46,8,High,2026-04-03,2.0,24,Monthly,38528,87,Yes
CUST1298,22.0,Female,Karachi,Premium,3060.0,55,8,5,High,2026-04-29,5.0,19,Quarterly,168300,61,No
CUST1299,32.0,Female,Karachi,Standard,2161.0,1,3,5,Low,2026-04-08,4.0,17,Quarterly,2161,82,Yes
CUST1300,20.0,Female,Karachi,Premium,3048.0,10,65,10,Low,2026-04-15,1.0,26,Yearly,30480,75,Yes
CUST1301,22.0,Female,Multan,Standard,1582.0,7,57,7,High,2026-04-14,5.0,14,Yearly,11074,76,No
CUST1302,47.0,Male,Karachi,Basic,1432.0,20,3,8,Low,2026-05-21,2.0,8,Yearly,28640,39,Yes
CUST1303,43.0,Male,Islamabad,Premium,5326.0,2,16,8,Low,2026-06-02,5.0,27,Quarterly,10652,27,Yes
CUST1304,34.0,Female,Peshawar,Premium,4214.0,38,51,8,High,2026-05-05,5.0,7,Quarterly,160132,55,No
CUST1305,62.0,Male,Rawalpindi,Premium,4962.0,15,44,3,Medium,2026-05-24,,23,Quarterly,74430,36,Yes
CUST1306,58.0,Female,Peshawar,Premium,4379.0,10,20,8,Medium,2026-04-15,5.0,11,Monthly,43790,75,No
CUST1307,29.0,Male,Peshawar,Basic,1105.0,18,63,3,Medium,2026-06-08,1.0,11,Monthly,19890,21,No
CUST1308,42.0,Female,Lahore,Basic,819.0,11,73,1,High,2026-05-11,1.0,2,Yearly,9009,49,No
CUST1309,31.0,Female,Karachi,Standard,2732.0,1,25,10,Low,2026-06-10,5.0,4,Monthly,2732,19,Yes
CUST1310,40.0,Female,Peshawar,Premium,3629.0,9,50,0,Medium,2026-06-28,2.0,13,Yearly,32661,1,No
CUST1311,43.0,Female,Peshawar,Standard,2868.0,58,16,9,Medium,2026-06-15,4.0,15,Yearly,166344,14,No
CUST1312,46.0,Male,Islamabad,Standard,2122.0,24,55,2,Low,2026-06-02,2.0,1,Monthly,50928,27,Yes
CUST1313,27.0,Female,Multan,Standard,1996.0,35,72,6,Low,2026-04-27,4.0,13,Quarterly,69860,63,Yes
CUST1314,59.0,Male,Islamabad,Basic,,29,68,0,Low,2026-04-09,1.0,25,Yearly,23780,81,Yes
CUST1315,56.0,Male,Islamabad,Premium,4215.0,23,32,3,Medium,2026-04-24,5.0,27,Yearly,96945,66,No
CUST1316,36.0,Female,Islamabad,Basic,1248.0,24,11,10,Low,2026-06-02,2.0,8,Yearly,29952,27,Yes
CUST1317,26.0,Female,Quetta,Premium,5624.0,52,17,9,High,2026-04-08,5.0,29,Quarterly,292448,82,No
CUST1318,64.0,Male,Quetta,Premium,3742.0,38,70,7,Medium,2026-04-12,4.0,20,Yearly,142196,78,No
CUST1319,61.0,Female,Peshawar,Standard,2577.0,55,20,6,Low,2026-06-19,2.0,8,Monthly,141735,10,Yes
CUST1320,27.0,Female,Lahore,Premium,3252.0,48,39,4,Medium,2026-05-17,3.0,17,Yearly,156096,43,No
CUST1321,32.0,Male,Faisalabad,Standard,1600.0,21,56,3,High,2026-06-06,1.0,6,Yearly,33600,23,No
CUST1322,62.0,Female,Lahore,Basic,1311.0,40,24,2,High,2026-05-27,2.0,25,Quarterly,52440,33,No
CUST1323,33.0,Female,Karachi,Premium,,22,62,1,Medium,2026-04-19,3.0,17,Yearly,78496,71,No
CUST1324,43.0,Male,Islamabad,Premium,5885.0,8,30,6,High,2026-05-03,2.0,10,Yearly,47080,57,Yes
CUST1325,62.0,Female,Quetta,Premium,4822.0,9,71,8,Low,2026-06-26,5.0,25,Yearly,43398,3,No
CUST1326,52.0,Male,Rawalpindi,Standard,2288.0,33,64,3,High,2026-05-25,2.0,24,Yearly,75504,35,No
CUST1327,32.0,Male,Faisalabad,Premium,3773.0,56,32,3,Low,2026-06-01,3.0,0,Quarterly,211288,28,No
CUST1328,48.0,Male,Quetta,Standard,1617.0,21,64,2,High,2026-06-14,3.0,29,Quarterly,33957,15,No
CUST1329,23.0,Female,Peshawar,Standard,2084.0,52,38,9,Medium,2026-05-09,2.0,27,Quarterly,108368,51,Yes
CUST1330,26.0,Male,Lahore,Premium,4658.0,32,53,7,High,2026-04-12,3.0,5,Yearly,149056,78,No
CUST1331,45.0,Female,Faisalabad,Basic,1355.0,58,13,10,High,2026-06-10,4.0,18,Quarterly,78590,19,No
CUST1332,38.0,Male,Lahore,Premium,5169.0,27,24,9,Medium,2026-04-08,5.0,27,Yearly,139563,82,No
CUST1333,61.0,Male,Faisalabad,Standard,2424.0,36,17,3,Low,2026-04-29,4.0,12,Monthly,87264,61,No
CUST1334,46.0,Male,Faisalabad,Standard,1829.0,4,25,2,Low,2026-04-01,2.0,24,Yearly,7316,89,Yes
CUST1335,23.0,Female,Faisalabad,Standard,2211.0,26,27,8,Low,2026-06-28,2.0,21,Yearly,57486,1,Yes
CUST1336,65.0,Male,Islamabad,Premium,5946.0,39,68,8,High,2026-06-14,5.0,18,Monthly,231894,15,No
CUST1337,25.0,Female,Multan,Basic,613.0,38,56,9,Medium,2026-04-12,2.0,5,Yearly,23294,78,Yes
CUST1338,58.0,Male,Quetta,Basic,1297.0,19,5,6,High,2026-05-08,3.0,30,Monthly,24643,52,Yes
CUST1339,56.0,Female,Karachi,Basic,981.0,24,23,7,High,2026-06-02,1.0,3,Monthly,23544,27,Yes
CUST1340,28.0,Female,Peshawar,Standard,2324.0,5,17,3,Low,2026-04-11,3.0,14,Yearly,11620,79,No
CUST1341,63.0,Female,Islamabad,Basic,1406.0,13,24,8,High,2026-05-14,2.0,3,Yearly,18278,46,Yes
CUST1342,35.0,Female,Lahore,Premium,5255.0,43,33,6,Medium,2026-04-17,4.0,9,Monthly,225965,73,No
CUST1343,48.0,Male,Islamabad,Standard,1559.0,28,3,5,Medium,2026-06-14,2.0,24,Quarterly,43652,15,Yes
CUST1344,19.0,Female,Quetta,Premium,4741.0,24,64,6,High,2026-06-05,4.0,17,Monthly,113784,24,No
CUST1345,44.0,Female,Peshawar,Standard,2497.0,37,39,9,Medium,2026-06-25,1.0,23,Monthly,92389,4,Yes
CUST1346,46.0,Female,Lahore,Standard,2246.0,57,50,5,Medium,2026-05-01,3.0,9,Quarterly,128022,59,No
CUST1347,34.0,Female,Lahore,Basic,1067.0,36,21,8,High,2026-04-20,3.0,10,Yearly,38412,70,No
CUST1348,18.0,Female,Peshawar,Premium,5245.0,54,77,5,High,2026-04-12,5.0,14,Quarterly,283230,78,No
CUST1349,64.0,Female,Faisalabad,Standard,1824.0,58,58,3,Low,2026-05-18,2.0,6,Quarterly,105792,42,No
CUST1350,65.0,Female,Quetta,Premium,3497.0,10,30,4,High,2026-06-28,4.0,12,Monthly,34970,1,No
CUST1351,18.0,Male,Multan,Premium,,47,25,9,High,2026-05-27,5.0,26,Monthly,142739,33,No
CUST1352,54.0,Female,Lahore,Premium,3568.0,41,49,7,Low,2026-05-04,1.0,14,Monthly,146288,56,Yes
CUST1353,18.0,Male,Peshawar,Basic,568.0,12,6,8,High,2026-06-28,1.0,24,Monthly,6816,1,Yes
CUST1354,49.0,Female,Multan,Basic,1245.0,42,3,0,High,2026-05-31,3.0,27,Quarterly,52290,29,No
CUST1355,19.0,Female,Rawalpindi,Basic,1451.0,9,17,3,Low,2026-05-11,5.0,16,Yearly,13059,49,No
CUST1356,29.0,Male,Lahore,Premium,5963.0,60,50,2,High,2026-05-10,3.0,24,Monthly,357780,50,No
CUST1357,21.0,Male,Karachi,Basic,677.0,17,37,9,High,2026-06-18,1.0,15,Monthly,11509,11,Yes
CUST1358,37.0,Female,Islamabad,Basic,1291.0,38,64,5,High,2026-04-02,2.0,0,Monthly,49058,88,Yes
CUST1359,41.0,Female,Faisalabad,Standard,2727.0,9,17,8,High,2026-06-14,4.0,28,Monthly,24543,15,No
CUST1360,47.0,Female,Faisalabad,Standard,2038.0,51,74,9,High,2026-05-14,3.0,11,Yearly,103938,46,No
CUST1361,48.0,Female,Faisalabad,Basic,659.0,32,53,4,Low,2026-06-22,2.0,15,Quarterly,21088,7,No
CUST1362,21.0,Male,Peshawar,Standard,2319.0,27,31,10,Medium,2026-05-06,4.0,3,Monthly,62613,54,Yes
CUST1363,34.0,Female,Faisalabad,Basic,830.0,45,30,2,Medium,2026-06-07,,5,Monthly,37350,22,No
CUST1364,60.0,Female,Rawalpindi,Premium,5162.0,48,27,4,Medium,2026-06-25,1.0,2,Monthly,247776,4,No
CUST1365,33.0,Female,Karachi,Basic,1480.0,16,26,8,High,2026-04-09,4.0,18,Quarterly,23680,81,Yes
CUST1366,62.0,Male,Karachi,Standard,2161.0,26,58,7,High,2026-05-16,4.0,0,Quarterly,56186,44,No
CUST1367,53.0,Male,Lahore,Basic,920.0,43,66,0,Low,2026-06-20,5.0,28,Yearly,39560,9,No
CUST1368,30.0,Female,Quetta,Basic,688.0,11,80,10,Medium,2026-04-18,2.0,9,Monthly,7568,72,Yes
CUST1369,60.0,Male,Lahore,Premium,4848.0,42,67,3,Medium,2026-06-22,5.0,18,Quarterly,203616,7,No
CUST1370,26.0,Male,Multan,Standard,2065.0,19,61,6,High,2026-04-15,2.0,17,Monthly,39235,75,Yes
CUST1371,48.0,Female,Quetta,Standard,2985.0,33,80,10,Medium,2026-06-22,1.0,29,Yearly,98505,7,Yes
CUST1372,48.0,Male,Rawalpindi,Basic,625.0,48,47,4,Medium,2026-06-10,3.0,15,Yearly,30000,19,No
CUST1373,,Female,Karachi,Premium,5181.0,59,49,8,High,2026-06-17,2.0,16,Quarterly,305679,12,Yes
CUST1374,40.0,Female,Faisalabad,Standard,2265.0,54,69,10,Low,2026-05-24,4.0,26,Yearly,122310,36,No
CUST1375,20.0,Male,Multan,Premium,3215.0,58,55,8,Medium,2026-03-31,1.0,6,Monthly,186470,90,Yes
CUST1376,21.0,Female,Faisalabad,Premium,3556.0,55,76,0,Low,2026-06-08,5.0,18,Monthly,195580,21,No
CUST1377,35.0,Male,Peshawar,Premium,4648.0,43,44,9,Low,2026-06-01,5.0,3,Quarterly,199864,28,No
CUST1378,21.0,Female,Karachi,Premium,,15,67,9,High,2026-06-06,,23,Quarterly,87480,23,Yes
CUST1379,35.0,Female,Karachi,Premium,5338.0,1,64,4,Medium,2026-05-01,2.0,30,Yearly,5338,59,Yes
CUST1380,61.0,Male,Islamabad,Basic,1142.0,1,67,4,Low,2026-04-01,3.0,28,Monthly,1142,89,Yes
CUST1381,50.0,Male,Quetta,Standard,1688.0,36,4,0,Low,2026-05-27,2.0,26,Yearly,60768,33,Yes
CUST1382,39.0,Female,Quetta,Premium,3386.0,48,23,3,Medium,2026-05-17,5.0,4,Monthly,162528,43,No
CUST1383,48.0,Male,Multan,Basic,781.0,21,41,9,Medium,2026-04-02,,5,Yearly,16401,88,No
CUST1384,28.0,Male,Peshawar,Basic,1040.0,41,60,2,Low,2026-04-29,1.0,19,Yearly,42640,61,Yes
CUST1385,36.0,Female,Islamabad,Premium,5837.0,46,78,0,High,2026-06-15,1.0,26,Monthly,268502,14,Yes
CUST1386,61.0,Male,Lahore,Premium,3332.0,16,12,6,Low,2026-05-21,3.0,5,Quarterly,53312,39,No
CUST1387,50.0,Male,Quetta,Premium,5844.0,33,69,5,Low,2026-05-14,1.0,15,Monthly,192852,46,Yes
CUST1388,50.0,Male,Lahore,Basic,1063.0,13,10,7,High,2026-04-13,2.0,8,Monthly,13819,77,Yes
CUST1389,20.0,Female,Karachi,Standard,2063.0,59,34,0,High,2026-04-03,4.0,18,Monthly,121717,87,No
CUST1390,62.0,Male,Karachi,Basic,1408.0,32,69,7,Medium,2026-04-30,3.0,28,Yearly,45056,60,Yes
CUST1391,24.0,Male,Karachi,Basic,1202.0,24,61,6,Medium,2026-05-04,4.0,17,Quarterly,28848,56,Yes
CUST1392,24.0,Female,Multan,Basic,1464.0,33,72,3,High,2026-04-21,4.0,1,Yearly,48312,69,No
CUST1393,50.0,Male,Multan,Basic,696.0,57,38,1,Low,2026-06-28,2.0,25,Yearly,39672,1,Yes
CUST1394,21.0,Male,Multan,Basic,1065.0,39,33,0,Low,2026-06-08,4.0,15,Quarterly,41535,21,No
CUST1395,62.0,Male,Peshawar,Basic,747.0,55,62,3,High,2026-04-25,2.0,11,Quarterly,41085,65,No
CUST1396,59.0,Male,Quetta,Basic,1142.0,9,9,9,High,2026-04-02,3.0,15,Monthly,10278,88,No
CUST1397,31.0,Male,Karachi,Premium,4249.0,3,24,8,High,2026-04-19,5.0,1,Quarterly,12747,71,No
CUST1398,65.0,Male,Lahore,Standard,2314.0,21,22,10,Low,2026-05-21,1.0,20,Monthly,48594,39,Yes
CUST1399,37.0,Male,Islamabad,Basic,1309.0,8,9,8,High,2026-06-27,1.0,0,Yearly,10472,2,No
CUST1400,36.0,Female,Peshawar,Premium,5537.0,46,70,0,Medium,2026-04-22,4.0,24,Yearly,254702,68,No
CUST1401,47.0,Male,Rawalpindi,Basic,886.0,20,51,1,High,2026-04-26,2.0,23,Quarterly,17720,64,Yes
CUST1402,25.0,Female,Peshawar,Basic,1234.0,17,37,8,Low,2026-05-15,1.0,26,Yearly,20978,45,Yes
CUST1403,21.0,Male,Islamabad,Premium,4663.0,22,37,6,Medium,2026-05-05,1.0,30,Yearly,102586,55,Yes
CUST1404,29.0,Male,Faisalabad,Standard,,11,72,8,Medium,2026-06-10,4.0,21,Monthly,20273,19,Yes
CUST1405,37.0,Male,Rawalpindi,Basic,1281.0,56,33,9,High,2026-05-17,4.0,26,Monthly,71736,43,No
CUST1406,33.0,Female,Rawalpindi,Standard,2959.0,59,19,4,High,2026-04-17,1.0,8,Yearly,174581,73,No
CUST1407,44.0,Male,Faisalabad,Basic,1439.0,17,45,7,Low,2026-05-27,2.0,28,Monthly,24463,33,Yes
CUST1408,18.0,Male,Quetta,Standard,2017.0,12,41,6,Low,2026-04-10,5.0,26,Monthly,24204,80,Yes
CUST1409,35.0,Male,Lahore,Premium,5897.0,49,65,2,Medium,2026-06-26,5.0,7,Quarterly,288953,3,No
CUST1410,42.0,Male,Peshawar,Standard,2848.0,58,55,7,Medium,2026-05-10,3.0,17,Yearly,165184,50,Yes
CUST1411,48.0,Female,Lahore,Basic,1122.0,33,18,8,High,2026-04-12,1.0,6,Monthly,37026,78,Yes
CUST1412,60.0,Male,Islamabad,Basic,1330.0,53,32,5,Medium,2026-05-08,3.0,15,Yearly,70490,52,No
CUST1413,46.0,Male,Karachi,Basic,1087.0,16,17,4,High,2026-06-16,3.0,24,Quarterly,17392,13,No
CUST1414,25.0,Female,Peshawar,Basic,1272.0,56,12,8,High,2026-05-27,3.0,2,Yearly,71232,33,No
CUST1415,39.0,Female,Rawalpindi,Basic,939.0,50,9,8,Medium,2026-05-31,2.0,17,Monthly,46950,29,Yes
CUST1416,56.0,Male,Rawalpindi,Premium,4635.0,27,45,0,Medium,2026-04-23,2.0,13,Monthly,125145,67,Yes
CUST1417,22.0,Female,Rawalpindi,Basic,1334.0,14,23,6,Medium,2026-04-29,2.0,12,Yearly,18676,61,Yes
CUST1418,,Female,Lahore,Standard,2661.0,27,77,8,Low,2026-04-29,2.0,22,Monthly,71847,61,Yes
CUST1419,39.0,Female,Islamabad,Standard,2385.0,17,49,8,Medium,2026-05-10,4.0,1,Monthly,40545,50,Yes
CUST1420,39.0,Female,Rawalpindi,Premium,4868.0,43,8,10,Medium,2026-06-17,,16,Quarterly,209324,12,Yes
CUST1421,21.0,Male,Multan,Basic,1472.0,53,41,10,Low,2026-04-09,5.0,4,Yearly,78016,81,No
CUST1422,47.0,Male,Faisalabad,Basic,761.0,9,19,4,Low,2026-06-13,2.0,9,Quarterly,6849,16,No
CUST1423,54.0,Female,Peshawar,Basic,832.0,15,77,7,Medium,2026-05-24,3.0,17,Monthly,12480,36,Yes
CUST1424,43.0,Female,Islamabad,Premium,3414.0,10,29,4,High,2026-04-03,5.0,0,Monthly,34140,87,No
CUST1425,57.0,Male,Karachi,Standard,2078.0,3,71,3,High,2026-04-23,3.0,14,Quarterly,6234,67,No
CUST1426,46.0,Male,Quetta,Standard,1858.0,30,75,10,Medium,2026-05-20,1.0,27,Monthly,55740,40,Yes
CUST1427,18.0,Female,Rawalpindi,Basic,829.0,29,19,2,Medium,2026-06-14,4.0,10,Quarterly,24041,15,No
CUST1428,50.0,Male,Islamabad,Premium,5794.0,41,80,3,Low,2026-04-13,,19,Quarterly,237554,77,Yes
CUST1429,50.0,Male,Lahore,Standard,1984.0,5,78,10,High,2026-04-07,4.0,6,Yearly,9920,83,No
CUST1430,64.0,Male,Peshawar,Premium,3899.0,54,9,4,Medium,2026-04-30,5.0,13,Quarterly,210546,60,No
CUST1431,63.0,Male,Quetta,Standard,2123.0,54,37,6,Low,2026-03-31,3.0,5,Monthly,114642,90,Yes
CUST1432,19.0,Male,Peshawar,Basic,1200.0,45,77,2,Low,2026-06-10,2.0,27,Quarterly,54000,19,Yes
CUST1433,18.0,Female,Rawalpindi,Premium,4045.0,40,66,7,Low,2026-05-05,3.0,16,Monthly,161800,55,Yes
CUST1434,60.0,Female,Faisalabad,Basic,1275.0,60,68,10,High,2026-06-27,1.0,25,Quarterly,76500,2,Yes
CUST1435,33.0,Male,Quetta,Standard,2337.0,31,59,2,Low,2026-06-15,4.0,7,Yearly,72447,14,No
CUST1436,41.0,Female,Islamabad,Standard,2579.0,48,51,1,High,2026-06-04,1.0,1,Quarterly,123792,25,No
CUST1437,61.0,Male,Karachi,Standard,2309.0,2,65,3,High,2026-06-20,1.0,11,Quarterly,4618,9,No
CUST1438,53.0,Male,Faisalabad,Standard,2778.0,41,38,0,Medium,2026-05-14,2.0,28,Yearly,113898,46,Yes
CUST1439,39.0,Male,Karachi,Premium,5492.0,25,18,5,Medium,2026-04-10,2.0,19,Yearly,137300,80,Yes
CUST1440,32.0,Male,Multan,Basic,955.0,48,13,6,Low,2026-05-03,3.0,27,Quarterly,45840,57,Yes
CUST1441,24.0,Female,Quetta,Premium,3433.0,17,32,5,Low,2026-06-16,3.0,24,Quarterly,58361,13,No
CUST1442,64.0,Female,Islamabad,Premium,5877.0,23,54,5,High,2026-05-12,1.0,28,Yearly,135171,48,Yes
CUST1443,22.0,Male,Rawalpindi,Basic,1174.0,58,74,2,Medium,2026-05-14,5.0,6,Monthly,68092,46,No
CUST1444,52.0,Male,Quetta,Premium,4164.0,45,10,1,High,2026-05-16,4.0,24,Yearly,187380,44,No
CUST1445,64.0,Male,Rawalpindi,Standard,2734.0,40,46,5,Medium,2026-06-08,5.0,28,Quarterly,109360,21,No
CUST1446,18.0,Female,Faisalabad,Basic,1414.0,59,60,0,Low,2026-06-26,4.0,9,Quarterly,83426,3,No
CUST1447,44.0,Female,Quetta,Standard,2238.0,52,28,5,High,2026-04-03,1.0,11,Yearly,116376,87,No
CUST1448,50.0,Male,Quetta,Premium,5071.0,16,69,8,High,2026-05-13,2.0,12,Yearly,81136,47,Yes
CUST1449,29.0,Female,Quetta,Premium,4892.0,5,31,1,Medium,2026-06-03,4.0,26,Yearly,24460,26,No
CUST1450,56.0,Male,Rawalpindi,Standard,2925.0,49,56,4,Low,2026-06-27,3.0,27,Monthly,143325,2,No
CUST1451,50.0,Female,Islamabad,Standard,1944.0,39,63,1,Low,2026-05-21,1.0,1,Monthly,75816,39,Yes
CUST1452,,Male,Faisalabad,Basic,1065.0,42,76,2,High,2026-05-16,3.0,28,Monthly,44730,44,No
CUST1453,21.0,Female,Islamabad,Basic,931.0,25,32,3,High,2026-06-25,2.0,30,Yearly,23275,4,No
CUST1454,55.0,Male,Faisalabad,Standard,2202.0,53,47,0,High,2026-04-04,3.0,4,Yearly,116706,86,No
CUST1455,34.0,Male,Quetta,Standard,2841.0,14,35,9,Medium,2026-05-17,5.0,2,Quarterly,39774,43,No
CUST1456,19.0,Male,Faisalabad,Basic,1122.0,56,77,2,Low,2026-05-15,2.0,6,Monthly,62832,45,Yes
CUST1457,53.0,Male,Multan,Standard,2489.0,41,42,8,High,2026-04-07,4.0,7,Quarterly,102049,83,No
CUST1458,60.0,Female,Quetta,Premium,3705.0,37,55,7,High,2026-04-10,1.0,10,Yearly,137085,80,Yes
CUST1459,59.0,Female,Quetta,Standard,1927.0,56,57,5,High,2026-04-16,4.0,11,Monthly,107912,74,No
CUST1460,35.0,Female,Islamabad,Standard,2138.0,4,73,6,Low,2026-04-26,2.0,7,Quarterly,8552,64,Yes
CUST1461,60.0,Female,Faisalabad,Basic,540.0,7,40,2,Low,2026-04-11,1.0,1,Quarterly,3780,79,Yes
CUST1462,63.0,Female,Quetta,Basic,869.0,29,52,5,High,2026-06-23,4.0,24,Monthly,25201,6,No
CUST1463,55.0,Female,Islamabad,Basic,894.0,26,17,7,High,2026-05-29,4.0,2,Yearly,23244,31,No
CUST1464,30.0,Male,Islamabad,Basic,1430.0,54,16,10,Low,2026-04-28,2.0,14,Monthly,77220,62,Yes
CUST1465,65.0,Female,Islamabad,Standard,2258.0,49,35,3,Medium,2026-05-25,5.0,21,Quarterly,110642,35,No
CUST1466,45.0,Male,Rawalpindi,Premium,5428.0,39,9,4,High,2026-05-09,4.0,2,Monthly,211692,51,No
CUST1467,36.0,Female,Multan,Basic,1482.0,55,77,0,Medium,2026-04-02,3.0,28,Quarterly,81510,88,No
CUST1468,33.0,Male,Faisalabad,Basic,1002.0,25,47,10,Low,2026-06-14,3.0,2,Quarterly,25050,15,No
CUST1469,18.0,Female,Islamabad,Standard,1500.0,7,49,8,Medium,2026-04-03,5.0,25,Monthly,10500,87,Yes
CUST1470,62.0,Male,Multan,Premium,5396.0,43,71,5,High,2026-05-09,4.0,22,Quarterly,232028,51,No
CUST1471,34.0,Female,Faisalabad,Premium,4090.0,36,1,1,High,2026-05-20,3.0,20,Monthly,147240,40,No
CUST1472,50.0,Female,Multan,Premium,4165.0,20,69,6,Low,2026-04-11,5.0,27,Yearly,83300,79,Yes
CUST1473,23.0,Female,Lahore,Basic,938.0,33,19,5,High,2026-05-19,2.0,21,Yearly,30954,41,No
CUST1474,34.0,Male,Faisalabad,Basic,939.0,49,45,9,Medium,2026-06-27,3.0,28,Yearly,46011,2,No
CUST1475,53.0,Male,Quetta,Standard,2402.0,19,26,7,Low,2026-04-10,3.0,5,Quarterly,45638,80,Yes
CUST1476,19.0,Male,Rawalpindi,Premium,4883.0,31,71,10,High,2026-04-19,2.0,29,Monthly,151373,71,Yes
CUST1477,53.0,Female,Rawalpindi,Basic,1035.0,29,39,3,Low,2026-06-24,5.0,11,Yearly,30015,5,No
CUST1478,46.0,Female,Karachi,Premium,5457.0,30,26,4,Medium,2026-05-07,3.0,29,Monthly,163710,53,Yes
CUST1479,47.0,Female,Multan,Premium,4145.0,3,43,6,High,2026-04-17,5.0,16,Yearly,12435,73,Yes
CUST1480,58.0,Male,Multan,Standard,2088.0,42,79,5,Low,2026-06-02,5.0,28,Yearly,87696,27,No
CUST1481,25.0,Female,Multan,Standard,1967.0,32,64,9,Medium,2026-05-25,5.0,30,Monthly,62944,35,Yes
CUST1482,25.0,Female,Multan,Standard,2618.0,29,41,5,Medium,2026-06-18,5.0,11,Quarterly,75922,11,No
CUST1483,19.0,Male,Rawalpindi,Premium,5241.0,50,3,2,Medium,2026-04-06,4.0,22,Yearly,262050,84,No
CUST1484,42.0,Female,Quetta,Standard,2989.0,30,11,0,Low,2026-06-06,2.0,23,Yearly,89670,23,Yes
CUST1485,65.0,Female,Peshawar,Basic,1013.0,20,31,10,High,2026-04-12,2.0,24,Yearly,20260,78,Yes
CUST1486,21.0,Male,Islamabad,Basic,1152.0,49,35,5,Medium,2026-05-29,2.0,5,Quarterly,56448,31,No
CUST1487,27.0,Female,Karachi,Premium,4257.0,44,74,6,Medium,2026-04-16,3.0,19,Monthly,187308,74,Yes
CUST1488,46.0,Male,Peshawar,Premium,3307.0,41,46,1,Medium,2026-04-29,5.0,19,Quarterly,135587,61,No
CUST1489,25.0,Male,Quetta,Premium,5885.0,7,11,1,High,2026-04-01,3.0,9,Monthly,41195,89,No
CUST1490,38.0,Male,Islamabad,Standard,2398.0,46,10,10,Medium,2026-06-12,4.0,6,Yearly,110308,17,No
CUST1491,18.0,Female,Lahore,Standard,2637.0,58,26,2,High,2026-04-28,4.0,0,Quarterly,152946,62,No
CUST1492,54.0,Female,Quetta,Basic,1106.0,47,35,0,Low,2026-04-07,4.0,26,Monthly,51982,83,Yes
CUST1493,42.0,Male,Faisalabad,Standard,2555.0,57,63,0,High,2026-06-21,3.0,5,Yearly,145635,8,No
CUST1494,21.0,Female,Karachi,Premium,3085.0,5,39,6,High,2026-06-25,4.0,19,Quarterly,15425,4,No
CUST1495,64.0,Female,Islamabad,Standard,2544.0,59,56,8,High,2026-06-22,2.0,26,Yearly,150096,7,Yes
CUST1496,33.0,Male,Lahore,Basic,839.0,17,75,1,Medium,2026-04-24,1.0,25,Quarterly,14263,66,Yes
CUST1497,40.0,Male,Multan,Premium,3697.0,41,79,9,Medium,2026-05-03,2.0,28,Yearly,151577,57,Yes
CUST1498,40.0,Female,Faisalabad,Premium,5576.0,59,60,8,High,2026-04-17,2.0,3,Quarterly,328984,73,Yes
CUST1499,33.0,Male,Multan,Premium,4842.0,36,70,9,High,2026-06-07,4.0,21,Yearly,174312,22,No
CUST1500,30.0,Male,Faisalabad,Basic,1383.0,16,6,9,High,2026-06-26,3.0,23,Monthly,22128,3,No
CUST1501,27.0,Male,Multan,Standard,1753.0,60,63,0,High,2026-03-31,4.0,10,Monthly,105180,90,No
CUST1502,29.0,Female,Islamabad,Basic,844.0,14,72,10,Medium,2026-04-19,4.0,27,Quarterly,11816,71,Yes
CUST1503,,Female,Multan,Basic,812.0,51,66,9,Medium,2026-06-15,5.0,17,Quarterly,41412,14,No
CUST1504,33.0,Male,Rawalpindi,Premium,3426.0,54,42,0,Low,2026-04-24,4.0,18,Monthly,185004,66,Yes
CUST1505,56.0,Male,Multan,Standard,2519.0,9,19,5,High,2026-06-11,1.0,15,Quarterly,22671,18,No
CUST1506,40.0,Female,Multan,Basic,1096.0,53,11,6,High,2026-06-04,1.0,3,Yearly,58088,25,No
CUST1507,49.0,Female,Islamabad,Basic,928.0,30,61,3,Low,2026-06-20,3.0,1,Yearly,27840,9,No
CUST1508,29.0,Female,Multan,Standard,1985.0,2,5,4,Medium,2026-06-24,4.0,21,Quarterly,3970,5,No
CUST1509,21.0,Male,Karachi,Basic,592.0,9,22,10,Low,2026-04-29,2.0,15,Yearly,5328,61,Yes
CUST1510,27.0,Male,Rawalpindi,Premium,5365.0,6,5,9,High,2026-05-01,3.0,23,Yearly,32190,59,Yes
CUST1511,64.0,Male,Peshawar,Standard,1686.0,25,51,1,Low,2026-05-12,5.0,3,Monthly,42150,48,No
CUST1512,49.0,Male,Lahore,Standard,2190.0,56,52,2,Medium,2026-05-24,2.0,1,Quarterly,122640,36,No
CUST1513,23.0,Female,Islamabad,Standard,,43,16,10,High,2026-04-01,5.0,18,Yearly,124227,89,No
CUST1514,48.0,Female,Islamabad,Premium,4616.0,49,47,6,Medium,2026-05-01,3.0,29,Monthly,226184,59,Yes
CUST1515,18.0,Male,Rawalpindi,Basic,1039.0,4,18,9,High,2026-05-03,3.0,22,Monthly,4156,57,Yes
CUST1516,23.0,Male,Faisalabad,Basic,507.0,1,51,10,Low,2026-06-04,5.0,23,Monthly,507,25,Yes
CUST1517,64.0,Male,Peshawar,Premium,5296.0,55,10,7,Low,2026-04-19,4.0,0,Monthly,291280,71,Yes
CUST1518,34.0,Male,Quetta,Standard,2391.0,58,10,5,Low,2026-05-23,1.0,17,Monthly,138678,37,Yes
CUST1519,,Male,Lahore,Premium,5800.0,26,80,7,High,2026-05-28,5.0,28,Yearly,150800,32,No
CUST1520,41.0,Male,Quetta,Basic,1278.0,16,6,10,Medium,2026-06-11,3.0,0,Monthly,20448,18,No
CUST1521,54.0,Male,Faisalabad,Premium,3201.0,13,64,0,Low,2026-06-19,1.0,1,Monthly,41613,10,Yes
CUST1522,37.0,Male,Rawalpindi,Premium,4700.0,7,29,0,Low,2026-04-07,4.0,25,Monthly,32900,83,Yes
CUST1523,64.0,Female,Lahore,Basic,1416.0,12,42,9,Low,2026-05-26,5.0,21,Yearly,16992,34,No
CUST1524,24.0,Female,Multan,Standard,2046.0,45,15,0,Low,2026-06-04,,2,Yearly,92070,25,No
CUST1525,59.0,Male,Karachi,Basic,750.0,59,79,5,High,2026-05-08,3.0,5,Monthly,44250,52,No
CUST1526,32.0,Male,Rawalpindi,Standard,1648.0,24,71,8,Low,2026-05-28,5.0,28,Yearly,39552,32,No
CUST1527,22.0,Male,Karachi,Basic,585.0,4,18,2,High,2026-05-04,1.0,17,Yearly,2340,56,Yes
CUST1528,41.0,Female,Multan,Premium,5956.0,2,62,5,High,2026-05-23,5.0,2,Monthly,11912,37,No
CUST1529,54.0,Female,Karachi,Basic,1398.0,37,63,2,Medium,2026-06-01,4.0,22,Quarterly,51726,28,No
CUST1530,47.0,Female,Rawalpindi,Premium,5937.0,18,36,0,Low,2026-05-20,2.0,15,Quarterly,106866,40,No
CUST1531,34.0,Male,Multan,Basic,1146.0,40,57,7,Medium,2026-05-29,5.0,23,Monthly,45840,31,Yes
CUST1532,29.0,Male,Quetta,Standard,2119.0,48,63,9,High,2026-05-12,4.0,19,Quarterly,101712,48,Yes
CUST1533,58.0,Male,Karachi,Standard,2705.0,7,78,10,Medium,2026-04-17,5.0,9,Monthly,18935,73,Yes
CUST1534,53.0,Female,Faisalabad,Standard,1829.0,48,56,0,High,2026-05-26,1.0,12,Yearly,87792,34,No
CUST1535,62.0,Female,Quetta,Basic,764.0,24,7,2,High,2026-06-18,2.0,18,Quarterly,18336,11,No
CUST1536,29.0,Female,Peshawar,Basic,1309.0,58,13,4,Low,2026-05-10,2.0,19,Quarterly,75922,50,Yes
CUST1537,53.0,Female,Islamabad,Basic,1099.0,28,69,4,High,2026-06-17,5.0,27,Quarterly,30772,12,No
CUST1538,52.0,Male,Peshawar,Standard,2701.0,40,41,6,High,2026-04-28,2.0,8,Yearly,108040,62,Yes
CUST1539,39.0,Male,Karachi,Basic,504.0,47,76,0,Medium,2026-05-22,,21,Quarterly,23688,38,No
CUST1540,36.0,Male,Islamabad,Basic,914.0,16,67,6,Medium,2026-04-08,2.0,26,Monthly,14624,82,Yes
CUST1541,43.0,Female,Rawalpindi,Premium,3145.0,13,67,9,Medium,2026-06-26,4.0,22,Monthly,40885,3,No
CUST1542,42.0,Male,Peshawar,Premium,5617.0,27,63,10,Medium,2026-04-01,4.0,6,Quarterly,151659,89,No
CUST1543,41.0,Female,Peshawar,Standard,2020.0,8,37,4,Medium,2026-04-10,3.0,20,Yearly,16160,80,No
CUST1544,41.0,Female,Quetta,Premium,4891.0,44,40,6,Medium,2026-05-18,5.0,13,Monthly,215204,42,No
CUST1545,21.0,Female,Karachi,Basic,1483.0,8,75,0,Medium,2026-05-03,2.0,20,Quarterly,11864,57,Yes
CUST1546,43.0,Female,Rawalpindi,Premium,3815.0,43,44,10,Low,2026-05-27,2.0,20,Monthly,164045,33,Yes
CUST1547,48.0,Male,Lahore,Basic,1058.0,48,6,7,Medium,2026-05-07,2.0,11,Yearly,50784,53,Yes
CUST1548,31.0,Male,Islamabad,Standard,2182.0,16,73,9,High,2026-04-20,1.0,11,Yearly,34912,70,Yes
CUST1549,36.0,Female,Islamabad,Standard,2052.0,43,53,5,High,2026-04-26,3.0,24,Yearly,88236,64,No
CUST1550,41.0,Male,Karachi,Premium,4423.0,25,52,5,High,2026-06-25,5.0,20,Quarterly,110575,4,No
CUST1551,51.0,Female,Rawalpindi,Standard,1665.0,28,41,0,High,2026-05-08,3.0,0,Quarterly,46620,52,No
CUST1552,,Female,Faisalabad,Premium,,30,30,1,Medium,2026-06-02,2.0,10,Yearly,172980,27,No
CUST1553,41.0,Male,Lahore,Standard,1922.0,35,72,2,Low,2026-05-15,2.0,12,Quarterly,67270,45,No
CUST1554,,Female,Multan,Standard,2151.0,51,49,5,Medium,2026-04-26,4.0,27,Quarterly,109701,64,No
CUST1555,30.0,Male,Lahore,Basic,863.0,25,51,6,High,2026-06-05,5.0,5,Yearly,21575,24,No
CUST1556,36.0,Female,Islamabad,Standard,,19,9,10,Medium,2026-05-20,4.0,5,Monthly,42541,40,No
CUST1557,46.0,Female,Peshawar,Standard,1803.0,24,63,4,Low,2026-05-18,5.0,21,Yearly,43272,42,No
CUST1558,62.0,Female,Quetta,Standard,1513.0,26,29,3,High,2026-06-11,5.0,20,Monthly,39338,18,No
CUST1559,40.0,Male,Peshawar,Standard,2908.0,44,68,2,Medium,2026-05-25,4.0,14,Yearly,127952,35,No
CUST1560,40.0,Female,Multan,Standard,2327.0,27,52,7,Medium,2026-05-19,3.0,15,Monthly,62829,41,No
CUST1561,20.0,Male,Lahore,Basic,1208.0,32,14,9,Medium,2026-05-20,3.0,25,Quarterly,38656,40,No
CUST1562,22.0,Male,Multan,Standard,2683.0,13,80,0,Low,2026-05-06,5.0,30,Quarterly,34879,54,Yes
CUST1563,28.0,Female,Multan,Standard,1507.0,53,25,7,Medium,2026-06-26,4.0,13,Monthly,79871,3,No
CUST1564,53.0,Male,Rawalpindi,Basic,,27,79,10,High,2026-06-04,5.0,12,Quarterly,33021,25,No
CUST1565,59.0,Male,Karachi,Standard,2505.0,44,46,7,Low,2026-04-08,1.0,15,Quarterly,110220,82,Yes
CUST1566,24.0,Male,Lahore,Premium,5903.0,15,49,2,Medium,2026-05-04,5.0,8,Monthly,88545,56,No
CUST1567,32.0,Female,Peshawar,Premium,3418.0,57,16,7,High,2026-05-15,5.0,22,Quarterly,194826,45,No
CUST1568,48.0,Female,Lahore,Premium,4520.0,40,54,6,Medium,2026-05-07,3.0,20,Yearly,180800,53,Yes
CUST1569,56.0,Male,Multan,Standard,2698.0,27,80,2,High,2026-06-11,1.0,11,Quarterly,72846,18,No
CUST1570,33.0,Female,Karachi,Standard,2927.0,12,45,7,Low,2026-03-31,3.0,28,Yearly,35124,90,Yes
CUST1571,39.0,Male,Multan,Standard,2517.0,33,47,5,High,2026-06-20,5.0,12,Yearly,83061,9,No
CUST1572,41.0,Female,Islamabad,Premium,3675.0,15,13,10,Medium,2026-04-19,4.0,4,Quarterly,55125,71,No
CUST1573,25.0,Female,Rawalpindi,Standard,1988.0,37,78,9,High,2026-04-29,4.0,3,Monthly,73556,61,No
CUST1574,57.0,Male,Faisalabad,Standard,2947.0,17,27,0,Low,2026-04-22,4.0,1,Quarterly,50099,68,No
CUST1575,41.0,Female,Rawalpindi,Premium,3672.0,21,7,0,High,2026-05-09,1.0,2,Monthly,77112,51,Yes
CUST1576,32.0,Male,Multan,Standard,2449.0,31,80,9,Low,2026-05-01,5.0,26,Yearly,75919,59,Yes
CUST1577,23.0,Female,Peshawar,Basic,1284.0,29,60,5,Medium,2026-04-05,5.0,16,Monthly,37236,85,Yes
CUST1578,28.0,Female,Faisalabad,Standard,2693.0,56,39,4,High,2026-05-03,4.0,15,Yearly,150808,57,No
CUST1579,38.0,Female,Rawalpindi,Standard,2622.0,18,20,4,Medium,2026-04-14,5.0,18,Quarterly,47196,76,No
CUST1580,38.0,Female,Islamabad,Basic,1145.0,37,71,9,High,2026-06-21,2.0,15,Yearly,42365,8,No
CUST1581,26.0,Male,Quetta,Basic,1015.0,27,21,4,High,2026-06-14,1.0,6,Yearly,27405,15,No
CUST1582,52.0,Female,Faisalabad,Premium,3554.0,49,41,4,High,2026-05-13,1.0,9,Yearly,174146,47,No
CUST1583,45.0,Female,Lahore,Premium,,14,53,3,Low,2026-06-05,2.0,11,Quarterly,60858,24,No
CUST1584,37.0,Female,Islamabad,Basic,985.0,5,30,7,Low,2026-06-22,3.0,7,Yearly,4925,7,No
CUST1585,53.0,Female,Peshawar,Standard,2475.0,38,52,6,Medium,2026-05-16,4.0,28,Monthly,94050,44,Yes
CUST1586,65.0,Male,Peshawar,Standard,1862.0,15,49,4,Medium,2026-04-10,2.0,11,Yearly,27930,80,No
CUST1587,32.0,Male,Faisalabad,Premium,5622.0,42,68,10,High,2026-05-07,5.0,8,Monthly,236124,53,No
CUST1588,26.0,Female,Rawalpindi,Basic,,53,52,10,Low,2026-05-18,3.0,6,Monthly,56604,42,No
CUST1589,21.0,Male,Rawalpindi,Standard,2144.0,5,75,8,Medium,2026-05-19,4.0,15,Quarterly,10720,41,No
CUST1590,47.0,Female,Peshawar,Premium,4278.0,4,2,2,Low,2026-04-20,2.0,20,Monthly,17112,70,Yes
CUST1591,60.0,Male,Faisalabad,Basic,1349.0,53,69,8,Low,2026-06-03,4.0,27,Quarterly,71497,26,Yes
CUST1592,35.0,Female,Islamabad,Premium,5178.0,19,73,3,Low,2026-04-27,1.0,16,Yearly,98382,63,Yes
CUST1593,40.0,Female,Lahore,Basic,604.0,34,69,2,Low,2026-06-26,3.0,27,Quarterly,20536,3,No
CUST1594,55.0,Female,Karachi,Standard,2568.0,4,59,10,Medium,2026-04-25,3.0,4,Yearly,10272,65,Yes
CUST1595,26.0,Male,Peshawar,Premium,4397.0,17,65,2,Low,2026-05-29,2.0,20,Monthly,74749,31,Yes
CUST1596,43.0,Male,Karachi,Premium,5375.0,23,64,5,High,2026-05-04,3.0,8,Yearly,123625,56,No
CUST1597,27.0,Female,Quetta,Basic,,20,47,6,Low,2026-06-28,5.0,20,Yearly,22320,1,No
CUST1598,19.0,Male,Multan,Standard,2670.0,58,62,7,High,2026-06-02,4.0,25,Yearly,154860,27,No
CUST1599,46.0,Female,Rawalpindi,Standard,2185.0,15,1,10,Low,2026-06-26,4.0,24,Monthly,32775,3,Yes
CUST1600,35.0,Male,Islamabad,Basic,1071.0,52,34,8,Medium,2026-04-18,4.0,25,Quarterly,55692,72,Yes
CUST1601,36.0,Female,Faisalabad,Premium,5158.0,54,22,0,Low,2026-05-25,5.0,13,Quarterly,278532,35,No
CUST1602,60.0,Female,Karachi,Standard,2350.0,3,10,10,High,2026-03-31,,14,Quarterly,7050,90,Yes
CUST1603,41.0,Female,Rawalpindi,Standard,2747.0,13,4,8,Low,2026-05-23,1.0,16,Quarterly,35711,37,Yes
CUST1604,65.0,Female,Multan,Standard,2524.0,7,60,9,Low,2026-06-18,4.0,20,Yearly,17668,11,No
CUST1605,61.0,Male,Lahore,Premium,4721.0,51,44,1,High,2026-06-25,2.0,24,Monthly,240771,4,Yes
CUST1606,43.0,Female,Peshawar,Standard,2632.0,16,66,2,High,2026-06-10,3.0,5,Yearly,42112,19,No
CUST1607,25.0,Female,Karachi,Premium,3521.0,14,67,5,Low,2026-04-03,5.0,14,Quarterly,49294,87,No
CUST1608,40.0,Female,Lahore,Standard,1545.0,18,28,9,Medium,2026-06-25,2.0,14,Quarterly,27810,4,Yes
CUST1609,19.0,Male,Rawalpindi,Standard,2658.0,3,55,9,Low,2026-04-09,3.0,27,Monthly,7974,81,Yes
CUST1610,45.0,Female,Multan,Premium,4508.0,19,20,10,Medium,2026-06-14,3.0,15,Monthly,85652,15,No
CUST1611,34.0,Female,Karachi,Standard,2829.0,54,28,2,Medium,2026-04-04,4.0,21,Yearly,152766,86,No
CUST1612,54.0,Female,Multan,Premium,5849.0,39,44,9,Medium,2026-06-27,1.0,11,Monthly,228111,2,Yes
CUST1613,45.0,Male,Faisalabad,Premium,5502.0,10,72,3,Low,2026-04-09,4.0,2,Quarterly,55020,81,No
CUST1614,45.0,Female,Multan,Standard,2523.0,41,57,0,High,2026-04-13,4.0,4,Monthly,103443,77,No
CUST1615,44.0,Male,Islamabad,Premium,5133.0,15,40,4,Medium,2026-04-30,2.0,11,Yearly,76995,60,No
CUST1616,51.0,Male,Lahore,Standard,2059.0,58,19,7,Low,2026-05-23,1.0,11,Yearly,119422,37,Yes
CUST1617,65.0,Female,Multan,Premium,4315.0,25,21,1,Low,2026-05-30,4.0,0,Monthly,107875,30,No
CUST1618,29.0,Male,Rawalpindi,Premium,3818.0,44,49,3,High,2026-06-18,2.0,27,Yearly,167992,11,No
CUST1619,30.0,Male,Peshawar,Standard,1699.0,27,74,7,Medium,2026-04-17,4.0,7,Quarterly,45873,73,No
CUST1620,24.0,Male,Faisalabad,Basic,1295.0,14,2,8,High,2026-06-16,3.0,7,Yearly,18130,13,No
CUST1621,38.0,Female,Faisalabad,Basic,1487.0,47,35,6,Low,2026-04-14,2.0,28,Quarterly,69889,76,Yes
CUST1622,53.0,Female,Islamabad,Standard,1824.0,3,67,8,Medium,2026-05-16,3.0,1,Yearly,5472,44,No
CUST1623,54.0,Male,Lahore,Basic,1476.0,54,78,10,High,2026-05-24,2.0,2,Yearly,79704,36,No
CUST1624,55.0,Male,Karachi,Standard,2202.0,56,25,5,Low,2026-05-29,5.0,29,Quarterly,123312,31,No
CUST1625,43.0,Male,Lahore,Standard,2161.0,43,21,0,High,2026-04-05,5.0,12,Quarterly,92923,85,No
CUST1626,63.0,Female,Islamabad,Basic,1412.0,9,47,4,Medium,2026-04-04,3.0,21,Monthly,12708,86,Yes
CUST1627,29.0,Male,Lahore,Premium,5868.0,55,16,9,High,2026-05-14,5.0,8,Quarterly,322740,46,No
CUST1628,57.0,Female,Quetta,Basic,1439.0,14,63,9,Low,2026-06-03,4.0,19,Yearly,20146,26,No
CUST1629,62.0,Male,Rawalpindi,Standard,2542.0,29,47,7,Medium,2026-05-25,5.0,9,Yearly,73718,35,No
CUST1630,48.0,Female,Peshawar,Basic,1238.0,53,58,4,Medium,2026-05-08,1.0,5,Monthly,65614,52,Yes
CUST1631,37.0,Male,Faisalabad,Premium,3631.0,48,66,3,High,2026-05-02,2.0,0,Monthly,174288,58,Yes
CUST1632,46.0,Female,Islamabad,Standard,2222.0,29,44,7,Low,2026-05-10,4.0,6,Monthly,64438,50,Yes
CUST1633,63.0,Female,Faisalabad,Basic,587.0,8,20,5,High,2026-05-20,5.0,8,Quarterly,4696,40,No
CUST1634,51.0,Male,Multan,Premium,3591.0,60,71,10,High,2026-05-27,4.0,0,Yearly,215460,33,No
CUST1635,61.0,Female,Karachi,Basic,1378.0,20,36,6,Medium,2026-06-05,3.0,6,Monthly,27560,24,No
CUST1636,,Female,Peshawar,Premium,4903.0,6,54,5,Low,2026-04-15,2.0,15,Yearly,29418,75,Yes
CUST1637,49.0,Female,Peshawar,Premium,,45,70,7,High,2026-05-09,1.0,20,Quarterly,264420,51,Yes
CUST1638,29.0,Male,Karachi,Premium,3026.0,56,38,1,Low,2026-04-26,5.0,6,Monthly,169456,64,No
CUST1639,30.0,Female,Rawalpindi,Standard,1744.0,53,49,8,Medium,2026-05-26,4.0,12,Yearly,92432,34,No
CUST1640,53.0,Male,Lahore,Standard,1624.0,30,25,1,High,2026-06-24,4.0,17,Yearly,48720,5,No
CUST1641,36.0,Female,Faisalabad,Standard,,42,32,4,High,2026-05-11,2.0,4,Quarterly,95970,49,No
CUST1642,39.0,Male,Lahore,Premium,4206.0,13,17,8,Low,2026-05-14,4.0,13,Quarterly,54678,46,No
CUST1643,25.0,Male,Quetta,Standard,2432.0,55,19,8,Medium,2026-06-03,3.0,25,Monthly,133760,26,Yes
CUST1644,57.0,Male,Multan,Premium,4531.0,46,46,10,High,2026-04-18,5.0,30,Quarterly,208426,72,No
CUST1645,20.0,Male,Faisalabad,Basic,880.0,28,29,6,Medium,2026-04-13,2.0,2,Monthly,24640,77,Yes
CUST1646,29.0,Male,Quetta,Standard,2637.0,47,5,6,High,2026-05-01,3.0,25,Quarterly,123939,59,Yes
CUST1647,28.0,Female,Faisalabad,Standard,1738.0,59,47,0,High,2026-04-01,5.0,9,Quarterly,102542,89,No
CUST1648,50.0,Female,Peshawar,Basic,1457.0,33,79,9,Medium,2026-06-14,4.0,24,Yearly,48081,15,No
CUST1649,21.0,Female,Islamabad,Premium,5367.0,56,68,1,High,2026-05-04,3.0,30,Yearly,300552,56,No
CUST1650,49.0,Female,Lahore,Basic,730.0,44,9,8,Low,2026-06-08,1.0,22,Monthly,32120,21,Yes
CUST1651,29.0,Male,Islamabad,Basic,,57,13,10,Medium,2026-05-10,4.0,19,Quarterly,79629,50,Yes
CUST1652,65.0,Male,Quetta,Standard,1577.0,59,30,7,Low,2026-06-03,4.0,8,Quarterly,93043,26,No
CUST1653,19.0,Male,Quetta,Standard,2883.0,55,56,5,High,2026-04-09,2.0,7,Yearly,158565,81,No
CUST1654,,Female,Quetta,Standard,2279.0,32,13,2,Low,2026-04-01,4.0,15,Yearly,72928,89,No
CUST1655,48.0,Male,Karachi,Standard,1792.0,59,25,8,Low,2026-04-03,3.0,16,Monthly,105728,87,Yes
CUST1656,31.0,Female,Islamabad,Basic,1484.0,6,23,10,High,2026-06-23,4.0,12,Yearly,8904,6,No
CUST1657,55.0,Female,Rawalpindi,Premium,4277.0,50,52,7,Low,2026-05-26,5.0,7,Yearly,213850,34,No
CUST1658,61.0,Male,Peshawar,Basic,727.0,15,60,8,Low,2026-06-07,3.0,13,Quarterly,10905,22,No
CUST1659,40.0,Male,Multan,Basic,672.0,40,55,2,Medium,2026-06-16,5.0,30,Yearly,26880,13,No
CUST1660,45.0,Male,Peshawar,Standard,1583.0,58,80,6,High,2026-05-22,2.0,6,Monthly,91814,38,Yes
CUST1661,54.0,Female,Islamabad,Basic,725.0,4,42,5,Low,2026-04-03,5.0,17,Quarterly,2900,87,Yes
CUST1662,,Female,Quetta,Premium,,31,53,8,Medium,2026-04-05,1.0,28,Yearly,143902,85,Yes
CUST1663,26.0,Male,Multan,Basic,995.0,55,38,5,High,2026-05-11,3.0,22,Yearly,54725,49,No
CUST1664,21.0,Female,Multan,Premium,3782.0,29,65,5,High,2026-05-27,5.0,19,Yearly,109678,33,No
CUST1665,58.0,Male,Rawalpindi,Basic,1111.0,44,77,6,High,2026-04-17,4.0,12,Quarterly,48884,73,No
CUST1666,42.0,Female,Lahore,Premium,4609.0,56,11,2,Low,2026-06-12,4.0,17,Yearly,258104,17,No
CUST1667,52.0,Female,Karachi,Standard,2190.0,1,64,3,Medium,2026-04-27,4.0,15,Monthly,2190,63,Yes
CUST1668,29.0,Male,Peshawar,Basic,1352.0,53,17,7,Low,2026-05-02,5.0,19,Monthly,71656,58,Yes
CUST1669,49.0,Male,Peshawar,Standard,1959.0,37,61,0,Medium,2026-05-26,1.0,14,Yearly,72483,34,No
CUST1670,23.0,Male,Karachi,Standard,1995.0,17,20,8,Medium,2026-04-03,3.0,4,Quarterly,33915,87,No
CUST1671,50.0,Female,Islamabad,Standard,2217.0,38,17,8,High,2026-06-28,3.0,0,Monthly,84246,1,No
CUST1672,30.0,Female,Rawalpindi,Standard,2977.0,46,59,5,Medium,2026-06-06,1.0,29,Quarterly,136942,23,Yes
CUST1673,27.0,Female,Faisalabad,Premium,4499.0,51,68,3,High,2026-05-03,3.0,9,Quarterly,229449,57,No
CUST1674,51.0,Male,Peshawar,Standard,2585.0,4,7,6,High,2026-06-03,2.0,19,Monthly,10340,26,Yes
CUST1675,43.0,Female,Peshawar,Basic,1030.0,54,9,3,Low,2026-05-10,2.0,12,Yearly,55620,50,Yes
CUST1676,33.0,Female,Quetta,Premium,4104.0,54,22,9,Low,2026-06-21,1.0,29,Yearly,221616,8,Yes
CUST1677,38.0,Male,Quetta,Premium,4297.0,22,66,8,High,2026-06-03,3.0,21,Yearly,94534,26,No
CUST1678,38.0,Male,Faisalabad,Standard,1975.0,30,26,1,Medium,2026-05-05,2.0,15,Monthly,59250,55,Yes
CUST1679,60.0,Female,Faisalabad,Basic,1065.0,50,78,7,Low,2026-06-11,1.0,20,Yearly,53250,18,Yes
CUST1680,49.0,Female,Rawalpindi,Premium,4430.0,38,62,6,Medium,2026-06-14,3.0,6,Quarterly,168340,15,No
CUST1681,41.0,Male,Karachi,Basic,1091.0,28,16,7,High,2026-06-16,2.0,21,Monthly,30548,13,Yes
CUST1682,61.0,Female,Peshawar,Basic,1276.0,47,63,1,Medium,2026-05-31,1.0,26,Yearly,59972,29,No
CUST1683,54.0,Female,Multan,Standard,2894.0,43,64,7,High,2026-06-17,2.0,15,Monthly,124442,12,Yes
CUST1684,40.0,Male,Karachi,Premium,4278.0,15,13,6,High,2026-04-25,5.0,17,Quarterly,64170,65,No
CUST1685,64.0,Male,Islamabad,Standard,2504.0,58,5,8,Low,2026-06-24,5.0,21,Monthly,145232,5,Yes
CUST1686,49.0,Female,Faisalabad,Standard,2139.0,51,18,4,High,2026-04-05,2.0,23,Yearly,109089,85,Yes
CUST1687,42.0,Female,Quetta,Premium,4723.0,52,57,10,Medium,2026-04-20,4.0,1,Quarterly,245596,70,No
CUST1688,45.0,Male,Rawalpindi,Basic,598.0,31,39,9,Low,2026-06-12,2.0,23,Yearly,18538,17,Yes
CUST1689,,Female,Karachi,Standard,2849.0,1,69,8,High,2026-05-10,5.0,27,Monthly,2849,50,Yes
CUST1690,46.0,Male,Peshawar,Basic,1114.0,12,47,2,Low,2026-05-12,1.0,26,Monthly,13368,48,Yes
CUST1691,41.0,Female,Quetta,Premium,3402.0,44,59,7,Medium,2026-06-27,4.0,14,Yearly,149688,2,No
CUST1692,47.0,Female,Faisalabad,Premium,4392.0,30,39,0,High,2026-06-19,5.0,10,Quarterly,131760,10,No
CUST1693,65.0,Female,Faisalabad,Basic,1357.0,59,55,3,Low,2026-04-22,1.0,16,Monthly,80063,68,Yes
CUST1694,22.0,Male,Rawalpindi,Basic,1418.0,60,46,3,Low,2026-06-01,2.0,13,Yearly,85080,28,No
CUST1695,50.0,Male,Lahore,Basic,653.0,43,55,1,Medium,2026-06-11,5.0,26,Yearly,28079,18,No
CUST1696,57.0,Male,Rawalpindi,Standard,1701.0,60,69,9,High,2026-06-05,2.0,20,Yearly,102060,24,Yes
CUST1697,55.0,Male,Karachi,Standard,2106.0,3,62,8,Medium,2026-06-27,5.0,28,Monthly,6318,2,Yes
CUST1698,19.0,Female,Peshawar,Basic,1380.0,39,42,1,Low,2026-04-22,2.0,19,Monthly,53820,68,Yes
CUST1699,62.0,Male,Quetta,Standard,2058.0,44,5,8,Medium,2026-05-23,1.0,27,Monthly,90552,37,Yes
CUST1700,51.0,Female,Rawalpindi,Basic,953.0,9,18,2,Medium,2026-05-18,1.0,27,Yearly,8577,42,No
CUST1701,34.0,Female,Lahore,Standard,2630.0,59,72,0,Low,2026-06-22,5.0,20,Monthly,155170,7,No
CUST1702,63.0,Female,Peshawar,Standard,2547.0,5,28,10,High,2026-06-09,1.0,4,Yearly,12735,20,Yes
CUST1703,20.0,Female,Lahore,Standard,2410.0,37,51,7,Medium,2026-06-26,5.0,15,Quarterly,89170,3,No
CUST1704,18.0,Female,Rawalpindi,Premium,4438.0,9,26,0,Low,2026-04-28,2.0,8,Yearly,39942,62,Yes
CUST1705,30.0,Male,Peshawar,Premium,4868.0,5,1,8,Medium,2026-04-27,4.0,3,Yearly,24340,63,No
CUST1706,27.0,Male,Faisalabad,Premium,4400.0,28,6,10,Medium,2026-05-08,4.0,29,Quarterly,123200,52,Yes
CUST1707,65.0,Male,Quetta,Premium,3685.0,3,74,6,High,2026-04-12,4.0,13,Quarterly,11055,78,No
CUST1708,20.0,Female,Peshawar,Basic,1000.0,49,67,5,Low,2026-04-14,3.0,2,Quarterly,49000,76,No
CUST1709,22.0,Male,Quetta,Standard,1988.0,10,33,2,Medium,2026-06-05,3.0,10,Monthly,19880,24,No
CUST1710,52.0,Male,Multan,Premium,5885.0,19,40,5,High,2026-04-28,5.0,11,Yearly,111815,62,No
CUST1711,59.0,Female,Islamabad,Standard,1695.0,35,33,7,High,2026-06-10,4.0,21,Yearly,59325,19,No
CUST1712,60.0,Female,Peshawar,Premium,5058.0,12,70,10,High,2026-06-26,1.0,24,Yearly,60696,3,Yes
CUST1713,20.0,Female,Quetta,Basic,655.0,20,23,2,High,2026-05-20,2.0,23,Monthly,13100,40,Yes
CUST1714,23.0,Female,Karachi,Premium,5954.0,20,27,4,Medium,2026-06-16,4.0,15,Monthly,119080,13,No
CUST1715,,Male,Rawalpindi,Basic,1058.0,35,28,4,High,2026-04-30,2.0,30,Quarterly,37030,60,Yes
CUST1716,63.0,Male,Peshawar,Standard,2484.0,37,60,6,Medium,2026-05-13,4.0,28,Monthly,91908,47,Yes
CUST1717,47.0,Male,Lahore,Basic,589.0,51,38,2,Medium,2026-04-03,3.0,24,Quarterly,30039,87,No
CUST1718,46.0,Female,Islamabad,Basic,1454.0,15,3,9,High,2026-06-18,1.0,18,Monthly,21810,11,Yes
CUST1719,65.0,Male,Multan,Standard,1824.0,5,64,9,Low,2026-04-18,2.0,25,Yearly,9120,72,Yes
CUST1720,22.0,Male,Karachi,Premium,5430.0,7,16,6,Low,2026-06-25,5.0,23,Quarterly,38010,4,No
CUST1721,53.0,Female,Multan,Standard,2771.0,48,17,3,Low,2026-05-22,5.0,3,Yearly,133008,38,No
CUST1722,54.0,Female,Islamabad,Premium,4656.0,48,48,9,High,2026-05-31,1.0,3,Yearly,223488,29,No
CUST1723,31.0,Male,Lahore,Standard,1543.0,4,56,9,Medium,2026-06-16,4.0,17,Monthly,6172,13,Yes
CUST1724,63.0,Male,Karachi,Premium,4487.0,18,79,5,Low,2026-04-20,1.0,4,Yearly,80766,70,Yes
CUST1725,55.0,Male,Islamabad,Premium,3303.0,3,76,3,Low,2026-05-27,1.0,3,Monthly,9909,33,Yes
CUST1726,48.0,Female,Islamabad,Premium,5631.0,21,62,9,Medium,2026-06-07,2.0,11,Yearly,118251,22,No
CUST1727,34.0,Female,Quetta,Premium,4642.0,7,68,4,Low,2026-06-04,3.0,0,Monthly,32494,25,No
CUST1728,59.0,Female,Multan,Basic,1419.0,52,53,10,Low,2026-05-01,1.0,7,Monthly,73788,59,Yes
CUST1729,62.0,Female,Peshawar,Basic,1319.0,27,18,10,Low,2026-04-08,2.0,4,Quarterly,35613,82,Yes
CUST1730,20.0,Female,Faisalabad,Premium,4141.0,27,80,5,Low,2026-05-10,3.0,6,Monthly,111807,50,No
CUST1731,31.0,Female,Multan,Premium,3206.0,38,47,0,Medium,2026-05-31,3.0,26,Quarterly,121828,29,No
CUST1732,54.0,Male,Islamabad,Premium,3220.0,5,60,4,Medium,2026-05-17,2.0,5,Monthly,16100,43,Yes
CUST1733,21.0,Male,Peshawar,Standard,1942.0,56,9,7,Medium,2026-05-12,3.0,25,Quarterly,108752,48,Yes
CUST1734,60.0,Female,Lahore,Standard,2111.0,27,1,8,Low,2026-06-13,5.0,21,Monthly,56997,16,Yes
CUST1735,65.0,Male,Karachi,Standard,1717.0,11,55,0,Medium,2026-05-07,2.0,27,Quarterly,18887,53,Yes
CUST1736,26.0,Male,Peshawar,Basic,1198.0,60,22,7,Medium,2026-05-18,2.0,16,Monthly,71880,42,Yes
CUST1737,44.0,Male,Lahore,Premium,4746.0,39,25,5,High,2026-06-05,5.0,23,Yearly,185094,24,No
CUST1738,36.0,Female,Peshawar,Standard,2378.0,50,66,4,High,2026-05-12,2.0,27,Yearly,118900,48,Yes
CUST1739,56.0,Female,Multan,Standard,1541.0,40,77,7,Low,2026-05-17,2.0,11,Quarterly,61640,43,Yes
CUST1740,63.0,Male,Peshawar,Standard,2733.0,27,63,0,High,2026-06-20,3.0,26,Monthly,73791,9,No
CUST1741,56.0,Female,Multan,Premium,3070.0,1,7,7,Medium,2026-06-19,3.0,12,Monthly,3070,10,Yes
CUST1742,24.0,Female,Karachi,Basic,680.0,21,57,10,High,2026-06-02,1.0,29,Quarterly,14280,27,Yes
CUST1743,21.0,Female,Islamabad,Premium,5710.0,24,48,2,High,2026-06-26,2.0,2,Quarterly,137040,3,No
CUST1744,45.0,Male,Karachi,Premium,3926.0,17,10,0,High,2026-05-07,1.0,20,Quarterly,66742,53,Yes
CUST1745,40.0,Female,Islamabad,Basic,959.0,38,54,8,Low,2026-05-11,4.0,16,Yearly,36442,49,Yes
CUST1746,59.0,Female,Rawalpindi,Standard,3000.0,7,13,2,High,2026-06-23,2.0,15,Quarterly,21000,6,No
CUST1747,62.0,Male,Lahore,Standard,2656.0,7,56,6,Medium,2026-05-28,2.0,30,Yearly,18592,32,Yes
CUST1748,30.0,Female,Karachi,Basic,524.0,30,60,10,High,2026-05-02,5.0,27,Monthly,15720,58,Yes
CUST1749,37.0,Female,Faisalabad,Premium,3388.0,34,60,6,High,2026-05-03,3.0,24,Monthly,115192,57,Yes
CUST1750,28.0,Female,Multan,Basic,1220.0,54,45,5,High,2026-05-12,5.0,19,Yearly,65880,48,No
CUST1751,65.0,Male,Multan,Standard,2377.0,48,6,1,Medium,2026-05-13,4.0,12,Yearly,114096,47,No
CUST1752,61.0,Male,Peshawar,Premium,3159.0,41,26,1,High,2026-05-08,5.0,13,Monthly,129519,52,No
CUST1753,53.0,Male,Multan,Premium,4191.0,8,22,10,High,2026-04-30,4.0,28,Monthly,33528,60,Yes
CUST1754,27.0,Female,Quetta,Basic,530.0,25,21,10,Low,2026-05-29,1.0,0,Yearly,13250,31,Yes
CUST1755,59.0,Female,Peshawar,Basic,904.0,26,36,0,Low,2026-03-31,4.0,3,Monthly,23504,90,No
CUST1756,21.0,Female,Islamabad,Standard,2020.0,49,30,2,Low,2026-04-21,5.0,3,Quarterly,98980,69,No
CUST1757,62.0,Male,Multan,Premium,3015.0,23,22,4,High,2026-04-30,1.0,22,Quarterly,69345,60,Yes
CUST1758,55.0,Female,Faisalabad,Premium,4743.0,43,5,6,Medium,2026-06-20,3.0,0,Yearly,203949,9,No
CUST1759,35.0,Female,Quetta,Premium,3377.0,45,47,2,Medium,2026-04-17,4.0,9,Yearly,151965,73,No
CUST1760,30.0,Female,Islamabad,Basic,662.0,48,54,6,High,2026-04-19,1.0,13,Monthly,31776,71,Yes
CUST1761,33.0,Female,Quetta,Basic,795.0,53,20,7,High,2026-06-23,5.0,12,Yearly,42135,6,No
CUST1762,45.0,Male,Rawalpindi,Standard,2976.0,59,49,6,Medium,2026-05-21,2.0,10,Monthly,175584,39,Yes
CUST1763,38.0,Male,Multan,Basic,1496.0,40,54,0,High,2026-05-22,5.0,13,Quarterly,59840,38,No
CUST1764,32.0,Male,Karachi,Standard,1577.0,7,50,0,High,2026-05-16,3.0,4,Quarterly,11039,44,No
CUST1765,48.0,Male,Islamabad,Basic,576.0,43,48,1,Medium,2026-04-29,1.0,16,Quarterly,24768,61,Yes
CUST1766,28.0,Female,Faisalabad,Standard,2021.0,20,29,1,Medium,2026-04-28,1.0,21,Monthly,40420,62,Yes
CUST1767,59.0,Male,Islamabad,Premium,4451.0,13,47,6,Medium,2026-05-07,3.0,21,Monthly,57863,53,Yes
CUST1768,43.0,Female,Faisalabad,Basic,1088.0,28,76,1,Low,2026-05-03,5.0,24,Yearly,30464,57,No
CUST1769,51.0,Female,Lahore,Basic,557.0,23,52,2,High,2026-05-27,3.0,15,Quarterly,12811,33,No
CUST1770,28.0,Male,Lahore,Standard,2089.0,9,9,6,Medium,2026-04-07,3.0,28,Yearly,18801,83,Yes
CUST1771,53.0,Female,Quetta,Standard,2978.0,32,44,1,Medium,2026-06-24,4.0,30,Quarterly,95296,5,No
CUST1772,,Male,Islamabad,Premium,4109.0,55,76,7,High,2026-04-25,3.0,14,Quarterly,225995,65,No
CUST1773,20.0,Female,Quetta,Basic,645.0,27,50,1,High,2026-05-18,5.0,28,Quarterly,17415,42,No
CUST1774,37.0,Male,Peshawar,Standard,1632.0,30,50,4,Low,2026-04-06,2.0,14,Quarterly,48960,84,Yes
CUST1775,25.0,Female,Lahore,Premium,,49,12,4,Medium,2026-03-31,3.0,11,Yearly,255094,90,No
CUST1776,50.0,Female,Karachi,Basic,973.0,26,40,0,High,2026-06-28,3.0,14,Monthly,25298,1,No
CUST1777,28.0,Female,Karachi,Premium,4793.0,55,65,5,High,2026-05-13,2.0,17,Monthly,263615,47,Yes
CUST1778,34.0,Male,Lahore,Premium,4033.0,30,58,4,High,2026-05-17,3.0,8,Monthly,120990,43,No
CUST1779,38.0,Female,Lahore,Basic,1029.0,13,58,5,High,2026-06-02,4.0,23,Yearly,13377,27,No
CUST1780,21.0,Male,Lahore,Standard,1907.0,22,40,9,Low,2026-06-23,2.0,7,Monthly,41954,6,Yes
CUST1781,65.0,Female,Karachi,Premium,3848.0,18,30,9,High,2026-06-19,5.0,29,Quarterly,69264,10,No
CUST1782,60.0,Female,Lahore,Standard,2599.0,13,9,3,Low,2026-05-26,5.0,21,Quarterly,33787,34,No
CUST1783,56.0,Female,Islamabad,Standard,2912.0,41,79,1,Low,2026-05-08,4.0,18,Yearly,119392,52,No
CUST1784,56.0,Female,Peshawar,Standard,1507.0,58,45,7,Low,2026-06-02,5.0,27,Monthly,87406,27,Yes
CUST1785,18.0,Male,Islamabad,Standard,2348.0,34,62,5,Low,2026-06-05,,24,Monthly,79832,24,Yes
CUST1786,56.0,Female,Karachi,Basic,776.0,60,47,2,Medium,2026-06-26,1.0,12,Quarterly,46560,3,No
CUST1787,49.0,Male,Lahore,Premium,3786.0,35,14,5,Medium,2026-04-22,1.0,26,Monthly,132510,68,Yes
CUST1788,62.0,Male,Lahore,Standard,1563.0,40,66,1,Medium,2026-04-03,3.0,12,Monthly,62520,87,No
CUST1789,27.0,Female,Islamabad,Standard,1952.0,3,3,5,Medium,2026-04-07,5.0,9,Quarterly,5856,83,No
CUST1790,57.0,Female,Karachi,Basic,1430.0,50,24,7,Low,2026-04-16,1.0,7,Monthly,71500,74,Yes
CUST1791,19.0,Male,Quetta,Premium,4942.0,44,6,1,High,2026-05-25,5.0,22,Quarterly,217448,35,No
CUST1792,46.0,Male,Faisalabad,Basic,720.0,7,53,4,Medium,2026-04-14,1.0,7,Quarterly,5040,76,Yes
CUST1793,63.0,Female,Karachi,Standard,1616.0,48,24,9,Low,2026-05-21,2.0,20,Quarterly,77568,39,Yes
CUST1794,20.0,Male,Lahore,Standard,2544.0,2,73,9,High,2026-06-26,4.0,26,Yearly,5088,3,No
CUST1795,58.0,Male,Rawalpindi,Premium,5005.0,24,78,9,High,2026-05-27,5.0,11,Monthly,120120,33,No
CUST1796,39.0,Female,Peshawar,Standard,2990.0,29,70,2,Low,2026-06-03,5.0,26,Yearly,86710,26,No
CUST1797,39.0,Male,Islamabad,Standard,2751.0,21,2,10,High,2026-06-06,4.0,17,Monthly,57771,23,No
CUST1798,30.0,Male,Peshawar,Premium,4667.0,17,14,3,Medium,2026-06-26,4.0,12,Monthly,79339,3,No
CUST1799,43.0,Male,Quetta,Premium,3973.0,26,47,2,Medium,2026-06-05,1.0,25,Yearly,103298,24,No
CUST1800,52.0,Male,Lahore,Basic,694.0,14,13,1,Medium,2026-06-26,5.0,25,Quarterly,9716,3,No
CUST1801,57.0,Female,Peshawar,Standard,2246.0,4,1,7,High,2026-05-08,1.0,6,Monthly,8984,52,Yes
CUST1802,28.0,Female,Lahore,Basic,641.0,27,80,0,High,2026-04-29,2.0,23,Yearly,17307,61,Yes
CUST1803,63.0,Male,Faisalabad,Basic,1097.0,18,9,0,Medium,2026-05-10,2.0,12,Yearly,19746,50,No
CUST1804,54.0,Male,Islamabad,Premium,3852.0,6,51,3,High,2026-06-18,4.0,24,Quarterly,23112,11,No
CUST1805,61.0,Female,Rawalpindi,Premium,3748.0,14,29,9,High,2026-06-24,2.0,15,Quarterly,52472,5,No
CUST1806,25.0,Female,Faisalabad,Premium,4732.0,46,57,9,Medium,2026-06-17,4.0,3,Quarterly,217672,12,No
CUST1807,28.0,Male,Multan,Standard,2247.0,3,64,4,Low,2026-04-10,3.0,17,Quarterly,6741,80,Yes
CUST1808,40.0,Female,Lahore,Premium,4508.0,43,73,2,Low,2026-05-16,4.0,11,Yearly,193844,44,No
CUST1809,48.0,Male,Quetta,Basic,744.0,25,80,9,Low,2026-04-19,5.0,8,Yearly,18600,71,No
CUST1810,29.0,Male,Peshawar,Premium,4265.0,37,4,1,High,2026-05-16,3.0,25,Yearly,157805,44,No
CUST1811,20.0,Female,Peshawar,Premium,4893.0,4,76,2,Low,2026-06-28,2.0,29,Yearly,19572,1,Yes
CUST1812,34.0,Male,Lahore,Premium,5056.0,16,53,8,Medium,2026-06-20,3.0,22,Yearly,80896,9,No
CUST1813,29.0,Male,Multan,Standard,1898.0,55,66,10,High,2026-05-05,3.0,7,Quarterly,104390,55,No
CUST1814,49.0,Female,Islamabad,Premium,3915.0,6,39,2,Low,2026-05-26,2.0,16,Monthly,23490,34,Yes
CUST1815,36.0,Female,Multan,Basic,914.0,7,40,6,Medium,2026-04-09,4.0,20,Monthly,6398,81,Yes
CUST1816,54.0,Male,Lahore,Standard,1892.0,44,58,3,High,2026-05-10,5.0,24,Yearly,83248,50,No
CUST1817,37.0,Female,Rawalpindi,Basic,919.0,41,27,7,High,2026-06-20,1.0,16,Yearly,37679,9,Yes
CUST1818,37.0,Female,Rawalpindi,Basic,979.0,45,66,8,Medium,2026-04-30,4.0,5,Quarterly,44055,60,No
CUST1819,18.0,Male,Faisalabad,Standard,2784.0,60,63,2,High,2026-04-12,4.0,0,Yearly,167040,78,No
CUST1820,26.0,Male,Lahore,Basic,651.0,30,4,1,High,2026-06-04,1.0,3,Quarterly,19530,25,No
CUST1821,27.0,Male,Faisalabad,Premium,4014.0,35,7,9,High,2026-05-17,5.0,3,Quarterly,140490,43,No
CUST1822,53.0,Male,Rawalpindi,Premium,3721.0,56,72,10,High,2026-04-03,2.0,4,Yearly,208376,87,Yes
CUST1823,24.0,Male,Karachi,Premium,3089.0,12,4,9,Low,2026-04-16,4.0,14,Yearly,37068,74,No
CUST1824,38.0,Male,Islamabad,Standard,1771.0,54,19,3,High,2026-05-02,3.0,17,Monthly,95634,58,No
CUST1825,61.0,Female,Rawalpindi,Premium,5945.0,57,56,6,Low,2026-06-24,4.0,0,Yearly,338865,5,No
CUST1826,59.0,Female,Quetta,Basic,1384.0,22,13,0,Medium,2026-04-26,1.0,21,Yearly,30448,64,Yes
CUST1827,49.0,Male,Multan,Standard,1550.0,16,79,9,Medium,2026-04-27,4.0,9,Quarterly,24800,63,No
CUST1828,29.0,Male,Quetta,Standard,2896.0,60,55,2,Medium,2026-04-19,1.0,17,Yearly,173760,71,Yes
CUST1829,26.0,Male,Rawalpindi,Basic,1165.0,22,12,6,Medium,2026-06-27,5.0,13,Quarterly,25630,2,No
CUST1830,25.0,Female,Multan,Basic,1130.0,45,70,4,Medium,2026-05-27,5.0,24,Monthly,50850,33,No
CUST1831,58.0,Female,Karachi,Premium,5291.0,6,37,4,Low,2026-05-20,5.0,12,Yearly,31746,40,No
CUST1832,60.0,Male,Peshawar,Basic,1453.0,28,18,8,Low,2026-05-28,3.0,5,Monthly,40684,32,No
CUST1833,39.0,Male,Multan,Standard,2984.0,2,25,9,Low,2026-04-02,3.0,0,Yearly,5968,88,Yes
CUST1834,19.0,Male,Lahore,Standard,1964.0,30,34,5,Medium,2026-05-20,5.0,15,Monthly,58920,40,No
CUST1835,33.0,Female,Faisalabad,Basic,973.0,13,31,3,Low,2026-04-12,5.0,11,Quarterly,12649,78,No
CUST1836,35.0,Male,Multan,Basic,783.0,27,80,3,Medium,2026-06-20,5.0,25,Yearly,21141,9,No
CUST1837,43.0,Male,Karachi,Premium,4384.0,28,77,3,High,2026-04-12,1.0,14,Quarterly,122752,78,No
CUST1838,29.0,Male,Quetta,Premium,3121.0,53,57,5,Low,2026-05-03,3.0,25,Monthly,165413,57,Yes
CUST1839,,Male,Lahore,Standard,2491.0,20,56,6,Medium,2026-05-22,1.0,15,Yearly,49820,38,No
CUST1840,25.0,Male,Islamabad,Basic,1169.0,19,58,1,Medium,2026-06-14,4.0,16,Monthly,22211,15,No
CUST1841,65.0,Female,Peshawar,Basic,704.0,32,40,0,Low,2026-05-02,5.0,24,Yearly,22528,58,No
CUST1842,44.0,Male,Lahore,Standard,2027.0,35,28,1,Medium,2026-05-12,1.0,8,Quarterly,70945,48,Yes
CUST1843,48.0,Male,Peshawar,Basic,1119.0,36,33,0,High,2026-04-30,2.0,22,Yearly,40284,60,Yes
CUST1844,40.0,Male,Quetta,Standard,2553.0,15,45,6,Medium,2026-04-09,5.0,13,Quarterly,38295,81,No
CUST1845,29.0,Male,Multan,Premium,,29,24,3,High,2026-06-09,5.0,23,Monthly,144275,20,No
CUST1846,32.0,Female,Multan,Premium,4076.0,56,68,5,Low,2026-05-10,2.0,27,Monthly,228256,50,Yes
CUST1847,19.0,Male,Lahore,Premium,4134.0,57,26,2,High,2026-04-06,2.0,19,Monthly,235638,84,Yes
CUST1848,28.0,Male,Islamabad,Premium,3201.0,58,61,6,High,2026-05-08,5.0,8,Quarterly,185658,52,No
CUST1849,36.0,Female,Peshawar,Standard,1837.0,45,49,10,High,2026-06-05,2.0,1,Yearly,82665,24,No
CUST1850,55.0,Female,Islamabad,Basic,1423.0,28,66,4,Low,2026-04-16,2.0,10,Monthly,39844,74,Yes
CUST1851,60.0,Male,Islamabad,Standard,1885.0,59,15,6,High,2026-04-19,1.0,4,Quarterly,111215,71,Yes
CUST1852,37.0,Female,Faisalabad,Premium,3034.0,34,34,4,High,2026-06-05,3.0,3,Monthly,103156,24,No
CUST1853,37.0,Male,Quetta,Standard,1847.0,39,54,6,High,2026-05-12,1.0,18,Quarterly,72033,48,Yes
CUST1854,52.0,Female,Multan,Basic,1186.0,32,47,6,High,2026-06-12,1.0,2,Yearly,37952,17,No
CUST1855,59.0,Male,Lahore,Basic,528.0,47,70,0,High,2026-06-05,1.0,13,Yearly,24816,24,No
CUST1856,54.0,Male,Peshawar,Standard,1794.0,40,55,3,Low,2026-06-15,2.0,4,Monthly,71760,14,Yes
CUST1857,44.0,Male,Karachi,Standard,2094.0,59,31,8,Low,2026-05-16,1.0,18,Yearly,123546,44,Yes
CUST1858,21.0,Female,Quetta,Premium,4592.0,48,75,5,High,2026-04-18,4.0,16,Quarterly,220416,72,No
CUST1859,63.0,Female,Faisalabad,Standard,2429.0,59,11,10,Medium,2026-06-19,5.0,20,Monthly,143311,10,Yes
CUST1860,43.0,Male,Quetta,Basic,1147.0,27,8,7,Medium,2026-06-13,2.0,26,Monthly,30969,16,Yes
CUST1861,58.0,Male,Rawalpindi,Premium,4622.0,13,76,10,Low,2026-06-02,,28,Quarterly,60086,27,Yes
CUST1862,19.0,Male,Rawalpindi,Standard,2293.0,45,69,0,High,2026-06-21,4.0,29,Quarterly,103185,8,No
CUST1863,55.0,Female,Rawalpindi,Standard,1607.0,17,65,2,Low,2026-04-18,2.0,30,Monthly,27319,72,Yes
CUST1864,60.0,Female,Lahore,Basic,801.0,59,72,2,Medium,2026-06-25,4.0,18,Monthly,47259,4,No
CUST1865,33.0,Male,Islamabad,Standard,1967.0,13,51,4,Medium,2026-06-05,5.0,19,Monthly,25571,24,No
CUST1866,53.0,Female,Lahore,Basic,877.0,34,54,1,Low,2026-06-24,3.0,16,Monthly,29818,5,No
CUST1867,42.0,Female,Islamabad,Basic,1263.0,18,55,4,Medium,2026-04-11,2.0,7,Yearly,22734,79,No
CUST1868,62.0,Male,Multan,Premium,4295.0,13,13,3,Low,2026-05-13,2.0,2,Monthly,55835,47,Yes
CUST1869,36.0,Male,Lahore,Basic,664.0,45,54,5,Medium,2026-05-05,4.0,21,Monthly,29880,55,Yes
CUST1870,56.0,Male,Islamabad,Standard,2294.0,36,7,2,High,2026-04-10,1.0,1,Monthly,82584,80,Yes
CUST1871,42.0,Female,Rawalpindi,Standard,2474.0,60,24,5,Medium,2026-06-09,1.0,17,Monthly,148440,20,Yes
CUST1872,34.0,Female,Multan,Premium,4319.0,16,39,3,Low,2026-04-17,4.0,11,Yearly,69104,73,No
CUST1873,44.0,Female,Karachi,Basic,679.0,46,63,9,Low,2026-05-11,1.0,16,Monthly,31234,49,Yes
CUST1874,53.0,Male,Rawalpindi,Premium,3721.0,17,23,1,Medium,2026-05-03,5.0,22,Yearly,63257,57,No
CUST1875,37.0,Female,Multan,Premium,3494.0,22,52,6,Medium,2026-04-23,1.0,2,Yearly,76868,67,Yes
CUST1876,51.0,Male,Lahore,Premium,3557.0,33,45,2,High,2026-04-12,3.0,24,Monthly,117381,78,No
CUST1877,19.0,Female,Islamabad,Standard,2764.0,39,18,5,Low,2026-05-20,3.0,20,Monthly,107796,40,No
CUST1878,45.0,Female,Islamabad,Premium,5561.0,27,80,6,High,2026-06-16,3.0,30,Quarterly,150147,13,No
CUST1879,19.0,Male,Karachi,Standard,1555.0,14,28,6,High,2026-05-19,2.0,23,Yearly,21770,41,Yes
CUST1880,53.0,Male,Islamabad,Premium,4507.0,41,4,8,Medium,2026-05-04,4.0,13,Yearly,184787,56,No
CUST1881,48.0,Female,Quetta,Premium,4542.0,24,77,5,Medium,2026-06-16,5.0,11,Monthly,109008,13,No
CUST1882,46.0,Female,Multan,Premium,3589.0,20,32,1,High,2026-06-04,3.0,23,Quarterly,71780,25,No
CUST1883,21.0,Female,Quetta,Standard,1794.0,21,15,4,High,2026-04-18,4.0,23,Quarterly,37674,72,No
CUST1884,45.0,Male,Rawalpindi,Basic,1411.0,21,16,2,Low,2026-05-08,1.0,8,Quarterly,29631,52,Yes
CUST1885,46.0,Male,Peshawar,Basic,965.0,39,12,2,Medium,2026-05-11,3.0,23,Quarterly,37635,49,No
CUST1886,32.0,Female,Islamabad,Standard,2333.0,1,64,7,Medium,2026-04-17,1.0,1,Yearly,2333,73,Yes
CUST1887,26.0,Male,Islamabad,Basic,697.0,13,79,2,Medium,2026-05-10,5.0,14,Quarterly,9061,50,No
CUST1888,24.0,Female,Rawalpindi,Premium,3586.0,58,38,7,Low,2026-05-21,2.0,18,Quarterly,207988,39,Yes
CUST1889,27.0,Female,Peshawar,Standard,1634.0,44,39,3,Medium,2026-05-13,3.0,18,Quarterly,71896,47,No
CUST1890,53.0,Female,Multan,Standard,2484.0,31,13,1,Medium,2026-04-25,5.0,15,Quarterly,77004,65,No
CUST1891,53.0,Female,Lahore,Basic,1019.0,50,48,4,Medium,2026-05-07,3.0,19,Monthly,50950,53,Yes
CUST1892,38.0,Female,Karachi,Standard,2286.0,27,23,2,Low,2026-05-17,2.0,18,Quarterly,61722,43,Yes
CUST1893,52.0,Male,Faisalabad,Basic,871.0,40,51,9,Low,2026-05-19,5.0,19,Monthly,34840,41,Yes
CUST1894,25.0,Male,Multan,Basic,1347.0,11,52,6,High,2026-05-13,1.0,5,Monthly,14817,47,Yes
CUST1895,25.0,Female,Rawalpindi,Premium,4857.0,7,77,6,Medium,2026-04-06,5.0,5,Quarterly,33999,84,No
CUST1896,50.0,Female,Faisalabad,Basic,1125.0,29,79,6,High,2026-05-15,2.0,2,Yearly,32625,45,No
CUST1897,25.0,Male,Faisalabad,Basic,1384.0,22,29,1,Medium,2026-05-10,1.0,16,Quarterly,30448,50,Yes
CUST1898,62.0,Female,Peshawar,Standard,2631.0,1,20,3,High,2026-04-18,5.0,4,Yearly,2631,72,No
CUST1899,44.0,Male,Quetta,Premium,5170.0,47,6,2,High,2026-04-25,5.0,17,Monthly,242990,65,No
CUST1900,42.0,Female,Rawalpindi,Basic,890.0,27,44,9,High,2026-05-16,5.0,30,Yearly,24030,44,No
CUST1901,60.0,Male,Quetta,Basic,1158.0,36,6,8,High,2026-04-16,1.0,19,Yearly,41688,74,Yes
CUST1902,54.0,Female,Quetta,Standard,2536.0,27,41,1,Low,2026-06-05,2.0,20,Quarterly,68472,24,Yes
CUST1903,61.0,Male,Peshawar,Premium,5433.0,42,56,5,Medium,2026-04-09,3.0,22,Monthly,228186,81,Yes
CUST1904,53.0,Female,Quetta,Premium,5886.0,13,16,0,Low,2026-06-18,5.0,0,Quarterly,76518,11,No
CUST1905,23.0,Male,Islamabad,Standard,1854.0,20,63,4,High,2026-06-17,1.0,25,Monthly,37080,12,Yes
CUST1906,47.0,Female,Multan,Standard,2350.0,28,69,9,Low,2026-06-02,5.0,8,Quarterly,65800,27,No
CUST1907,45.0,Female,Peshawar,Premium,5522.0,26,49,9,High,2026-05-02,5.0,0,Quarterly,143572,58,No
CUST1908,32.0,Female,Lahore,Premium,5073.0,55,25,0,Low,2026-04-21,1.0,7,Monthly,279015,69,Yes
CUST1909,23.0,Male,Multan,Premium,3669.0,23,78,5,High,2026-06-23,3.0,30,Yearly,84387,6,No
CUST1910,28.0,Female,Peshawar,Basic,1279.0,13,66,4,Medium,2026-05-24,3.0,22,Monthly,16627,36,No
CUST1911,34.0,Female,Rawalpindi,Standard,1719.0,28,22,5,Low,2026-04-23,3.0,23,Quarterly,48132,67,Yes
CUST1912,47.0,Female,Faisalabad,Basic,1261.0,6,66,8,Low,2026-05-16,2.0,18,Monthly,7566,44,Yes
CUST1913,48.0,Male,Lahore,Premium,3491.0,13,12,1,High,2026-04-05,1.0,16,Quarterly,45383,85,Yes
CUST1914,65.0,Male,Islamabad,Basic,1320.0,49,56,7,Low,2026-04-18,3.0,23,Quarterly,64680,72,Yes
CUST1915,61.0,Female,Rawalpindi,Basic,754.0,53,33,6,Medium,2026-05-07,5.0,21,Yearly,39962,53,Yes
CUST1916,31.0,Male,Quetta,Basic,835.0,14,49,5,Medium,2026-03-31,2.0,27,Yearly,11690,90,Yes
CUST1917,43.0,Male,Islamabad,Standard,2939.0,1,79,3,Medium,2026-04-30,,17,Quarterly,2939,60,Yes
CUST1918,30.0,Male,Karachi,Basic,785.0,24,2,2,High,2026-06-04,4.0,14,Quarterly,18840,25,No
CUST1919,31.0,Female,Karachi,Standard,2087.0,6,30,5,Low,2026-05-19,2.0,29,Monthly,12522,41,Yes
CUST1920,47.0,Male,Faisalabad,Standard,2687.0,57,64,0,High,2026-04-02,2.0,15,Yearly,153159,88,No
CUST1921,31.0,Female,Islamabad,Premium,3071.0,26,14,1,High,2026-05-05,4.0,0,Quarterly,79846,55,No
CUST1922,37.0,Male,Quetta,Standard,2473.0,59,40,8,Low,2026-06-26,4.0,24,Monthly,145907,3,Yes
CUST1923,22.0,Male,Quetta,Basic,1385.0,38,26,7,Medium,2026-05-30,4.0,6,Yearly,52630,30,No
CUST1924,,Male,Multan,Premium,3487.0,39,33,0,Medium,2026-06-01,2.0,24,Quarterly,135993,28,Yes
CUST1925,31.0,Female,Lahore,Premium,4317.0,36,16,4,Low,2026-06-23,4.0,30,Quarterly,155412,6,No
CUST1926,58.0,Female,Multan,Premium,4643.0,15,3,10,High,2026-04-24,3.0,13,Quarterly,69645,66,No
CUST1927,46.0,Female,Islamabad,Standard,2638.0,4,12,1,Low,2026-06-19,1.0,2,Monthly,10552,10,Yes
CUST1928,65.0,Female,Quetta,Standard,2244.0,22,43,4,High,2026-04-05,3.0,15,Monthly,49368,85,No
CUST1929,38.0,Male,Peshawar,Premium,5747.0,21,44,6,Low,2026-04-17,5.0,6,Monthly,120687,73,Yes
CUST1930,35.0,Male,Faisalabad,Premium,4607.0,21,74,2,High,2026-06-05,1.0,24,Quarterly,96747,24,No
CUST1931,57.0,Male,Rawalpindi,Standard,2515.0,24,38,8,Medium,2026-05-26,3.0,26,Yearly,60360,34,No
CUST1932,28.0,Male,Multan,Basic,1221.0,31,23,5,Low,2026-05-20,3.0,17,Yearly,37851,40,No
CUST1933,64.0,Female,Peshawar,Standard,1674.0,41,20,0,Low,2026-06-05,4.0,3,Quarterly,68634,24,No
CUST1934,53.0,Male,Lahore,Standard,2056.0,36,2,9,Low,2026-06-23,4.0,26,Monthly,74016,6,Yes
CUST1935,52.0,Female,Peshawar,Standard,2049.0,39,35,3,High,2026-05-07,2.0,29,Quarterly,79911,53,Yes
CUST1936,58.0,Male,Peshawar,Basic,1232.0,38,59,10,Low,2026-06-24,2.0,3,Quarterly,46816,5,Yes
CUST1937,21.0,Male,Islamabad,Standard,1622.0,36,45,8,High,2026-05-26,3.0,28,Yearly,58392,34,No
CUST1938,39.0,Female,Quetta,Standard,2899.0,14,24,10,Low,2026-05-24,2.0,10,Monthly,40586,36,Yes
CUST1939,56.0,Male,Quetta,Basic,1133.0,16,59,5,Medium,2026-06-21,2.0,23,Quarterly,18128,8,Yes
CUST1940,47.0,Male,Islamabad,Basic,1466.0,27,27,8,High,2026-06-04,1.0,14,Monthly,39582,25,Yes
CUST1941,39.0,Male,Faisalabad,Basic,1023.0,18,51,6,High,2026-04-16,1.0,9,Yearly,18414,74,Yes
CUST1942,51.0,Female,Islamabad,Basic,832.0,46,54,5,High,2026-06-20,1.0,12,Monthly,38272,9,No
CUST1943,30.0,Female,Islamabad,Standard,1641.0,37,73,7,Medium,2026-05-27,3.0,22,Monthly,60717,33,Yes
CUST1944,49.0,Male,Lahore,Premium,3530.0,7,34,1,High,2026-05-09,1.0,18,Monthly,24710,51,Yes
CUST1945,43.0,Female,Lahore,Premium,5203.0,17,19,10,High,2026-06-10,4.0,24,Yearly,88451,19,No
CUST1946,50.0,Male,Peshawar,Premium,4542.0,51,29,6,Medium,2026-05-02,3.0,4,Quarterly,231642,58,No
CUST1947,25.0,Male,Lahore,Basic,703.0,42,42,9,Medium,2026-05-09,2.0,9,Monthly,29526,51,Yes
CUST1948,37.0,Male,Multan,Basic,856.0,16,3,10,Low,2026-05-15,2.0,1,Monthly,13696,45,Yes
CUST1949,39.0,Male,Peshawar,Basic,778.0,40,59,0,Low,2026-05-06,4.0,18,Quarterly,31120,54,Yes
CUST1950,58.0,Male,Karachi,Basic,866.0,23,60,8,Low,2026-05-05,5.0,8,Yearly,19918,55,No
CUST1951,33.0,Male,Islamabad,Basic,810.0,56,25,9,Medium,2026-05-15,1.0,30,Yearly,45360,45,Yes
CUST1952,26.0,Male,Multan,Standard,2690.0,15,65,4,High,2026-04-20,1.0,11,Yearly,40350,70,No
CUST1953,45.0,Male,Rawalpindi,Premium,3793.0,45,28,7,Medium,2026-04-22,3.0,5,Quarterly,170685,68,No
CUST1954,28.0,Male,Rawalpindi,Basic,1331.0,21,30,1,Low,2026-04-28,3.0,2,Quarterly,27951,62,No
CUST1955,29.0,Female,Islamabad,Basic,529.0,27,38,4,Medium,2026-06-14,4.0,5,Yearly,14283,15,No
CUST1956,35.0,Female,Lahore,Standard,2296.0,52,60,4,Low,2026-06-11,,8,Quarterly,119392,18,No
CUST1957,54.0,Male,Karachi,Premium,4189.0,60,12,10,Medium,2026-04-06,4.0,16,Yearly,251340,84,No
CUST1958,26.0,Female,Lahore,Basic,813.0,1,3,4,Low,2026-04-07,1.0,21,Quarterly,813,83,Yes
CUST1959,62.0,Female,Quetta,Basic,1010.0,55,19,6,High,2026-05-21,3.0,26,Yearly,55550,39,No
CUST1960,53.0,Male,Faisalabad,Basic,1002.0,12,27,1,High,2026-05-10,1.0,27,Quarterly,12024,50,Yes
CUST1961,37.0,Female,Islamabad,Standard,2238.0,40,58,5,Low,2026-06-20,5.0,8,Yearly,89520,9,No
CUST1962,26.0,Female,Quetta,Basic,1216.0,15,22,1,Medium,2026-05-22,2.0,13,Monthly,18240,38,No
CUST1963,51.0,Female,Peshawar,Premium,5531.0,8,21,7,High,2026-05-14,3.0,23,Yearly,44248,46,No
CUST1964,61.0,Male,Lahore,Basic,697.0,48,31,0,Low,2026-06-21,4.0,6,Yearly,33456,8,No
CUST1965,26.0,Male,Faisalabad,Basic,1412.0,2,52,4,High,2026-04-09,2.0,11,Quarterly,2824,81,Yes
CUST1966,55.0,Male,Karachi,Basic,879.0,35,6,3,Low,2026-05-25,3.0,4,Quarterly,30765,35,No
CUST1967,26.0,Female,Faisalabad,Basic,512.0,6,59,5,Low,2026-06-27,4.0,29,Quarterly,3072,2,Yes
CUST1968,53.0,Male,Lahore,Basic,1440.0,8,9,0,High,2026-04-11,5.0,17,Yearly,11520,79,No
CUST1969,49.0,Female,Multan,Basic,542.0,34,78,5,Medium,2026-04-27,5.0,14,Quarterly,18428,63,No
CUST1970,36.0,Male,Peshawar,Premium,4928.0,27,37,10,Medium,2026-05-03,4.0,19,Monthly,133056,57,Yes
CUST1971,41.0,Male,Multan,Standard,1871.0,28,64,1,Low,2026-04-22,1.0,2,Monthly,52388,68,Yes
CUST1972,31.0,Male,Rawalpindi,Premium,,39,80,3,High,2026-04-04,2.0,16,Yearly,127257,86,Yes
CUST1973,39.0,Male,Peshawar,Premium,5623.0,54,12,1,Medium,2026-04-21,5.0,15,Monthly,303642,69,No
CUST1974,19.0,Female,Lahore,Basic,847.0,52,54,10,Medium,2026-05-13,1.0,3,Monthly,44044,47,Yes
CUST1975,60.0,Male,Lahore,Premium,3817.0,1,1,7,Low,2026-06-01,1.0,15,Monthly,3817,28,Yes
CUST1976,39.0,Male,Karachi,Basic,1289.0,18,41,2,High,2026-05-01,1.0,17,Yearly,23202,59,Yes
CUST1977,22.0,Male,Rawalpindi,Premium,4953.0,59,39,10,Low,2026-06-22,2.0,14,Quarterly,292227,7,Yes
CUST1978,54.0,Female,Faisalabad,Basic,1191.0,47,60,3,High,2026-06-03,2.0,23,Monthly,55977,26,Yes
CUST1979,43.0,Male,Peshawar,Basic,845.0,46,10,0,High,2026-06-27,5.0,13,Monthly,38870,2,No
CUST1980,65.0,Female,Faisalabad,Premium,4562.0,13,73,6,Medium,2026-06-20,2.0,23,Yearly,59306,9,Yes
CUST1981,39.0,Male,Faisalabad,Standard,1739.0,23,73,10,Low,2026-04-06,5.0,16,Quarterly,39997,84,Yes
CUST1982,24.0,Female,Peshawar,Basic,1499.0,43,7,2,Medium,2026-05-21,4.0,11,Quarterly,64457,39,No
CUST1983,57.0,Female,Peshawar,Basic,953.0,7,25,8,Medium,2026-04-04,3.0,12,Monthly,6671,86,Yes
CUST1984,34.0,Female,Peshawar,Basic,841.0,48,62,7,Medium,2026-06-11,1.0,12,Yearly,40368,18,No
CUST1985,41.0,Male,Islamabad,Standard,2513.0,60,60,9,Medium,2026-06-15,2.0,1,Quarterly,150780,14,Yes
CUST1986,65.0,Female,Quetta,Standard,1744.0,39,56,6,Medium,2026-04-01,4.0,13,Yearly,68016,89,No
CUST1987,21.0,Female,Karachi,Standard,1535.0,26,50,2,Low,2026-04-19,1.0,16,Yearly,39910,71,Yes
CUST1988,65.0,Female,Rawalpindi,Basic,1158.0,5,34,2,Low,2026-05-13,1.0,15,Monthly,5790,47,Yes
CUST1989,56.0,Male,Multan,Standard,1729.0,27,50,8,Medium,2026-04-12,2.0,23,Quarterly,46683,78,Yes
CUST1990,31.0,Female,Multan,Standard,2292.0,14,4,1,Medium,2026-04-29,2.0,0,Quarterly,32088,61,Yes
CUST1991,37.0,Male,Peshawar,Basic,509.0,10,34,10,Low,2026-05-27,1.0,30,Quarterly,5090,33,Yes
CUST1992,21.0,Male,Rawalpindi,Standard,2667.0,7,5,1,Medium,2026-05-17,4.0,22,Yearly,18669,43,No
CUST1993,42.0,Female,Quetta,Premium,4970.0,57,13,7,High,2026-06-12,3.0,19,Quarterly,283290,17,No
CUST1994,54.0,Male,Peshawar,Standard,2486.0,13,8,7,High,2026-04-07,5.0,7,Monthly,32318,83,No
CUST1995,23.0,Male,Quetta,Basic,943.0,44,41,4,Medium,2026-05-18,1.0,21,Yearly,41492,42,No
CUST1996,27.0,Male,Islamabad,Standard,2767.0,10,29,0,High,2026-06-03,1.0,29,Quarterly,27670,26,No
CUST1997,63.0,Male,Faisalabad,Basic,1064.0,19,17,7,High,2026-04-26,5.0,20,Yearly,20216,64,No
CUST1998,62.0,Male,Lahore,Basic,1158.0,49,71,0,Low,2026-04-20,1.0,4,Yearly,56742,70,Yes
CUST1999,43.0,Female,Peshawar,Premium,3570.0,2,5,4,High,2026-05-12,4.0,2,Monthly,7140,48,No
CUST2000,23.0,Male,Peshawar,Basic,642.0,15,61,3,Medium,2026-05-18,5.0,11,Quarterly,9630,42,No
CUST1861,58.0,Male,Rawalpindi,Premium,4622.0,13,76,10,Low,2026-06-02,,28,Quarterly,60086,27,Yes
CUST0354,63.0,Female,Islamabad,Premium,3187.0,4,57,3,High,2026-04-19,1.0,22,Monthly,12748,71,Yes
CUST1334,46.0,Male,Faisalabad,Standard,1829.0,4,25,2,Low,2026-04-01,2.0,24,Yearly,7316,89,Yes
CUST0906,34.0,Female,Lahore,Standard,2317.0,53,40,9,Medium,2026-06-08,3.0,20,Quarterly,122801,21,No
CUST1290,32.0,Male,Quetta,Basic,1044.0,32,17,7,Medium,2026-05-13,5.0,29,Quarterly,33408,47,Yes
CUST1274,39.0,Female,Lahore,Premium,3530.0,25,31,9,Medium,2026-06-06,2.0,8,Yearly,88250,23,No
CUST0939,65.0,Male,Quetta,Basic,,42,74,8,High,2026-05-28,4.0,9,Monthly,32844,32,No
CUST1732,54.0,Male,Islamabad,Premium,3220.0,5,60,4,Medium,2026-05-17,2.0,5,Monthly,16100,43,Yes
CUST0066,60.0,Female,Lahore,Premium,3284.0,44,13,1,High,2026-05-25,5.0,18,Quarterly,144496,35,No
CUST1324,43.0,Male,Islamabad,Premium,5885.0,8,30,6,High,2026-05-03,2.0,10,Yearly,47080,57,Yes
